dc6250,daqwon,cashwell,m,january 19 1990,finland,paralympic,softball,silver,/bin/bash,execute
ca4595,chinedu,allard,m,january 19 1986,mexico,paralympic,boxing,gold,/bin/ksh,execute
jb2964,judie,blanchett,f,august 28 1987,djibouti,paralympic,surfing,silver,/bin/bash,execute
ts9883,tarynn,schlecht,f,june 30 1993,guyana,olympic,handball,silver,/bin/tcsh,execute
jg5784,jentri,gregor,f,march 25 1998,australia,olympic,sailing,silver,/bin/tcsh,delete
dm9285,devani,magby,f,april 13 1993,canada,olympic,baseball,gold,/bin/bash,drop
mc2892,merrill,conlin,f,august 5 2000,turkey,olympic,gymnastics,bronze,/bin/bash,drop
ch9601,calah,heacock,f,july 24 1995,burundi,olympic,shooting,gold,/bin/tcsh,all
jg8703,jimmy,goulbourne,m,september 7 1997,colombia,paralympic,fencing,bronze,/bin/ksh,all
cr8289,cristin,rines,f,december 11 1998,turkey,olympic,gymnastics,gold,/bin/csh,drop
bn9902,brian,najarro,f,july 21 2000,ghana,paralympic,boxing,bronze,/bin/ksh,delete
st9046,sean,telfair,m,february 8 1993,estonia,paralympic,football,gold,/bin/ksh,all
lr9549,lilla,rall,f,november 27 1989,panama,olympic,aquatics,silver,/bin/ksh,drop
eo9444,emmery,oelke,f,march 23 1994,djibouti,paralympic,aquatics,bronze,/bin/ksh,create
kb2110,karinna,bowyer,f,january 22 1999,georgia,paralympic,sailing,silver,/bin/tcsh,execute
js7205,jakeob,steer,m,december 13 1993,spain,paralympic,wrestling,silver,/bin/csh,create
ru9214,runa,uhl,f,march 5 1990,north_macedonia,paralympic,badminton,silver,/bin/tcsh,all
es9394,emmanuel,spice,f,june 10 1991,fiji,olympic,aquatics,silver,/bin/tcsh,all
zh8006,zyaira,harting,f,january 5 1990,samoa,paralympic,sailing,bronze,/bin/csh,create
rf2714,robie,forde,m,march 12 1987,colombia,olympic,karate,silver,/bin/ksh,create
qc4497,quetzalli,claybrook,f,august 29 1989,seychelles,olympic,boxing,gold,/bin/tcsh,delete
rd1219,rohit,desantiago,m,june 6 1991,slovenia,paralympic,fencing,bronze,/bin/csh,all
ns3291,nikalas,sublett,m,november 17 1990,south_korea,paralympic,basketball,silver,/bin/bash,all
kl7170,katlynd,lareau,f,may 7 1994,lithuania,paralympic,baseball,bronze,/bin/tcsh,all
cg2916,cailee,gallant,f,february 22 1995,guyana,olympic,baseball,gold,/bin/bash,create
tf2978,thaiz,fleig,f,august 4 1989,ecuador,olympic,sailing,gold,/bin/csh,execute
jo1271,jahmel,ok,m,may 19 1991,fiji,olympic,equestrian,bronze,/bin/csh,create
kv7125,katlyn,villarreal,f,may 25 1995,burkina_faso,olympic,boxing,silver,/bin/tcsh,delete
yb8047,yarelis,berrier,f,march 30 1996,south_africa,paralympic,football,gold,/bin/csh,execute
cc9826,chue,cornman,m,april 14 1992,barbados,paralympic,canoe,bronze,/bin/tcsh,drop
nr7022,neha,rake,f,august 23 1990,great_britain,paralympic,surfing,bronze,/bin/tcsh,drop
dc7049,denaria,cromer,f,october 28 1996,peru,paralympic,surfing,silver,/bin/bash,all
kp9230,kyra,paulos,m,august 4 1988,uganda,paralympic,hockey,gold,/bin/ksh,drop
ke1717,kali,etzel,m,march 3 1988,ireland,olympic,football,gold,/bin/tcsh,execute
pk8581,page,kojima,m,september 1 1989,norway,paralympic,archery,gold,/bin/csh,delete
aw4350,ayame,wollam,f,april 28 2000,mozambique,olympic,wrestling,silver,/bin/ksh,delete
ar5210,al,raver,m,january 21 1992,bahrain,paralympic,weightlifting,gold,/bin/tcsh,execute
om3196,olive,modisette,f,june 11 1991,united_states,paralympic,wrestling,gold,/bin/tcsh,create
xt2398,xue,toole,f,january 7 1992,peru,paralympic,equestrian,bronze,/bin/bash,all
mt9908,marianela,tribbett,f,august 13 1988,peru,paralympic,baseball,silver,/bin/bash,execute
cm6938,cristian,martini,m,december 19 1998,thailand,olympic,aquatics,gold,/bin/ksh,all
mm5531,marryn,macy,f,march 24 1994,armenia,paralympic,weightlifting,silver,/bin/csh,create
qp8344,quin,palin,m,december 7 1986,ivory_coast,paralympic,volleyball,silver,/bin/ksh,create
am5764,aracely,mcduff,f,march 29 1989,cuba,paralympic,sailing,bronze,/bin/bash,create
cs3928,cecilie,solon,f,august 4 2000,namibia,paralympic,handball,gold,/bin/tcsh,create
dj1883,desarai,jonsson,f,may 23 1990,luxembourg,olympic,surfing,bronze,/bin/ksh,delete
av2055,asahel,viveiros,m,march 18 1995,mongolia,olympic,table_tennis,gold,/bin/tcsh,drop
kk5490,keiyon,knecht,m,may 5 1995,djibouti,olympic,fencing,bronze,/bin/bash,delete
jc9456,jenevie,calder,f,november 27 1986,uruguay,olympic,basketball,bronze,/bin/tcsh,drop
cc3908,corley,chagolla,m,march 29 1989,bahrain,olympic,judo,gold,/bin/tcsh,create
eb3257,emilyrose,bogar,f,february 5 1990,kuwait,paralympic,volleyball,gold,/bin/ksh,create
pa6542,parisa,albin,f,july 12 1989,belgium,paralympic,hockey,silver,/bin/tcsh,delete
js2470,jahnae,shindler,f,august 12 1990,egypt,olympic,shooting,silver,/bin/csh,drop
ec7991,early,calixto,m,july 13 1999,singapore,paralympic,taekwondo,silver,/bin/csh,execute
la2310,lazara,antony,f,june 22 1997,estonia,olympic,shooting,bronze,/bin/csh,execute
lk6226,lania,kavanaugh,f,september 13 1986,portugal,paralympic,athletics,gold,/bin/csh,all
ah3501,aurea,higa,f,june 1 1991,spain,paralympic,rugby,silver,/bin/bash,drop
km3039,koriann,malatesta,f,february 13 1995,new_zealand,paralympic,volleyball,gold,/bin/ksh,create
hs9693,henning,schaffer,m,march 8 1989,kyrgyzstan,olympic,surfing,bronze,/bin/ksh,create
jm7811,janalyn,molla,f,november 24 1988,jamaica,olympic,weightlifting,silver,/bin/bash,execute
tj2076,terrence,jury,m,august 4 1999,lithuania,olympic,baseball,gold,/bin/ksh,execute
lw3441,leonor,welcome,f,october 21 1994,djibouti,olympic,wrestling,gold,/bin/ksh,delete
yd6239,yicel,dungan,f,june 28 1990,bhutan,paralympic,karate,gold,/bin/csh,delete
pp3335,petrina,phillips,f,april 1 1989,switzerland,paralympic,shooting,silver,/bin/csh,create
ir1443,ifeoma,romney,f,august 20 1995,eritrea,paralympic,karate,gold,/bin/ksh,delete
cm8056,cayleigh,manning,f,october 21 1998,ecuador,paralympic,weightlifting,gold,/bin/csh,delete
bv4885,brentley,vest,m,march 9 1987,france,olympic,equestrian,silver,/bin/bash,all
hs6057,hero,sain,f,november 5 1990,malaysia,paralympic,rugby,silver,/bin/csh,execute
ck8562,caley,kindell,f,may 30 1990,ghana,paralympic,judo,silver,/bin/ksh,drop
ko3642,kalai,orenstein,m,july 15 1991,germany,paralympic,sailing,gold,/bin/tcsh,all
aw3229,ashar,wellman,m,october 12 1996,malaysia,paralympic,basketball,silver,/bin/ksh,all
cv4329,chi,vitagliano,f,april 21 1996,zambia,paralympic,hockey,silver,/bin/tcsh,delete
lm7123,lucerito,mims,f,october 28 1997,nigeria,olympic,aquatics,gold,/bin/ksh,execute
lz5481,lari,zendejas,f,february 18 1995,mongolia,paralympic,skateboarding,gold,/bin/bash,drop
ab4458,amauri,berkebile,m,april 24 1995,finland,olympic,wrestling,bronze,/bin/bash,all
km2742,kerianne,maury,f,march 11 2000,jordan,paralympic,sailing,gold,/bin/bash,all
tv7413,tait,vanauken,m,october 9 1994,tanzania,olympic,aquatics,gold,/bin/ksh,execute
kh8569,khalia,hamelin,f,may 25 1990,north_macedonia,paralympic,volleyball,bronze,/bin/bash,create
mg6998,mackenley,geraci,f,november 3 1987,ethiopia,olympic,basketball,silver,/bin/tcsh,create
tt2360,tykee,tevis,m,november 4 1986,croatia,olympic,fencing,bronze,/bin/tcsh,create
jr2787,jacqueleen,radoncic,f,april 23 1992,kuwait,paralympic,taekwondo,gold,/bin/csh,execute
dd1576,destine,dermody,m,january 26 1988,malaysia,olympic,skateboarding,gold,/bin/tcsh,drop
ss8826,sharod,stillman,m,august 3 1988,cayman_islands,olympic,wrestling,gold,/bin/tcsh,all
vr5243,vi,reger,f,march 3 1992,fiji,olympic,gymnastics,gold,/bin/ksh,all
eb5870,elexia,bowlin,f,june 16 1993,portugal,olympic,triathlon,bronze,/bin/ksh,all
cs6902,cheikh,swopes,m,may 16 1988,kenya,paralympic,softball,silver,/bin/tcsh,execute
gb6718,gawain,buchanon,m,march 2 1986,estonia,olympic,handball,bronze,/bin/tcsh,drop
rd7768,roderick,degrazia,m,april 23 1986,slovakia,olympic,golf,silver,/bin/ksh,all
db2168,draco,brazeal,m,march 16 1992,thailand,paralympic,badminton,gold,/bin/csh,delete
ts2963,tanaysha,stafford,f,january 28 1990,ukraine,olympic,handball,silver,/bin/csh,drop
ca9319,cailan,abdul,f,december 21 1994,sweden,paralympic,triathlon,silver,/bin/tcsh,drop
al6130,akaiya,lacount,f,november 10 1990,rwanda,olympic,football,silver,/bin/bash,delete
kb4086,kortny,bermea,f,november 28 1990,lesotho,paralympic,basketball,silver,/bin/csh,execute
ht8728,halden,tashjian,m,february 24 1987,el_salvador,olympic,karate,gold,/bin/csh,all
kk2004,kalis,korf,m,february 16 1993,bhutan,olympic,shooting,gold,/bin/csh,execute
ll6598,lashaye,lindsley,f,august 28 1986,indonesia,paralympic,cycling,gold,/bin/bash,all
ks1606,kenard,scritchfield,m,january 14 1998,bangladesh,olympic,hockey,gold,/bin/csh,execute
sh5124,sandy,holyfield,m,may 1 1998,india,olympic,handball,gold,/bin/ksh,delete
kg2318,kevaughn,groh,m,september 19 1992,ethiopia,olympic,softball,silver,/bin/tcsh,create
jh4772,janita,huntoon,f,march 30 1999,north_macedonia,olympic,table_tennis,bronze,/bin/csh,create
ao6010,alastair,olden,m,december 10 1986,guatemala,olympic,fencing,gold,/bin/ksh,all
cc3445,carlotta,coward,f,september 10 1989,eritrea,olympic,athletics,gold,/bin/csh,delete
jm9829,juanito,matthew,m,may 11 1990,united_states,olympic,softball,gold,/bin/tcsh,delete
ts8035,timon,saffell,m,march 3 1989,mongolia,paralympic,rugby,silver,/bin/csh,all
dz2347,dilara,zwick,f,april 3 1990,finland,olympic,shooting,gold,/bin/ksh,all
tb7217,tray,bene,m,march 20 1998,new_zealand,paralympic,surfing,gold,/bin/csh,all
jl5736,jakeb,looker,m,june 1 1997,thailand,paralympic,football,bronze,/bin/tcsh,create
mi2051,mackensie,iglesias,f,august 15 1993,eritrea,olympic,fencing,gold,/bin/bash,delete
kt9271,kosei,tiller,m,november 2 1999,burundi,olympic,sport_climbing,gold,/bin/ksh,delete
cf9855,corbyn,figgins,f,october 12 1995,uruguay,paralympic,wrestling,gold,/bin/ksh,delete
tg2594,tilar,guerrero,f,april 9 1996,djibouti,paralympic,fencing,bronze,/bin/csh,delete
bm7881,braven,molinari,m,august 8 2000,lithuania,paralympic,tennis,silver,/bin/csh,execute
dt7726,dema,tigue,f,february 29 1998,samoa,paralympic,table_tennis,gold,/bin/ksh,create
sc2952,shyann,claytor,f,may 28 1994,colombia,paralympic,surfing,bronze,/bin/csh,execute
sm6316,sulaiman,macpherson,m,march 6 1990,jamaica,paralympic,aquatics,bronze,/bin/ksh,delete
rp6162,rayleigh,pals,f,june 7 1986,north_macedonia,paralympic,baseball,silver,/bin/bash,delete
nk6777,neylan,kirk,f,may 18 1987,uganda,olympic,weightlifting,gold,/bin/tcsh,delete
tf6889,treylin,falvo,m,august 19 1993,liberia,olympic,handball,gold,/bin/tcsh,create
ts5894,teshawn,stroh,m,may 2 2000,bhutan,olympic,rugby,silver,/bin/ksh,execute
jf3122,juanantonio,fulgencio,m,november 1 1987,india,paralympic,baseball,bronze,/bin/csh,delete
gj4233,gunter,jee,m,april 17 1998,australia,paralympic,equestrian,gold,/bin/bash,execute
kh7993,kenn,horsey,m,october 3 1995,moldova,paralympic,weightlifting,gold,/bin/tcsh,delete
tc4580,taiyon,cerrillo,m,july 14 1986,chinese_taipei,paralympic,equestrian,silver,/bin/tcsh,create
yb3718,yazmeen,burke,f,december 1 1990,new_zealand,olympic,rugby,bronze,/bin/ksh,all
fc5786,fayez,corredor,m,june 21 1986,new_zealand,olympic,skateboarding,bronze,/bin/ksh,create
eh1699,eton,hertzler,m,march 7 1986,albania,paralympic,football,bronze,/bin/tcsh,create
jv2811,jericho,viator,f,february 7 1995,the_gambia,paralympic,boxing,silver,/bin/ksh,delete
nt2636,nkosi,then,m,october 2 1992,niger,olympic,basketball,bronze,/bin/bash,execute
kp4686,kori,pilger,m,october 19 1994,lithuania,paralympic,athletics,bronze,/bin/ksh,all
bb5482,burgundy,blaustein,f,april 22 1989,cyprus,olympic,golf,silver,/bin/ksh,drop
kb5693,kimberly,boyum,f,february 29 1994,armenia,olympic,aquatics,bronze,/bin/ksh,create
rk6497,ras,kocian,m,june 11 1998,switzerland,olympic,shooting,gold,/bin/bash,all
ps8501,pawel,slee,m,january 9 1997,liberia,paralympic,football,bronze,/bin/bash,all
ml7399,margot,lykins,f,october 8 1995,moldova,olympic,canoe,bronze,/bin/ksh,execute
jc4712,josefernando,crout,m,july 25 1999,venezuela,paralympic,basketball,silver,/bin/tcsh,delete
kl1048,kaydie,leon,f,september 21 1992,saudi_arabia,paralympic,archery,silver,/bin/bash,drop
jb5631,jeanne,basinger,f,february 27 1995,botswana,olympic,gymnastics,gold,/bin/bash,create
da3781,daunte,ayer,m,june 15 1998,botswana,olympic,basketball,gold,/bin/ksh,execute
mo3199,marnae,ogren,f,june 8 1999,niger,paralympic,badminton,silver,/bin/csh,delete
eo8516,eythan,olvera,m,december 13 1998,puerto_rico,paralympic,equestrian,silver,/bin/ksh,all
vg7111,valory,gash,f,june 15 2000,italy,paralympic,badminton,gold,/bin/bash,delete
cp6261,calixto,pidgeon,m,july 18 1999,indonesia,olympic,gymnastics,silver,/bin/tcsh,all
sf9476,sylvan,freilich,f,june 26 1993,algeria,paralympic,hockey,gold,/bin/csh,create
rh6578,ruthann,hauenstein,f,march 14 1991,india,paralympic,badminton,gold,/bin/tcsh,create
kt2058,kemoni,torkelson,m,may 23 1990,chinese_taipei,paralympic,triathlon,silver,/bin/ksh,create
kv4139,kesley,valerius,f,july 12 1992,armenia,olympic,surfing,bronze,/bin/bash,create
lb6323,latalia,bellino,f,december 12 1999,uruguay,olympic,hockey,gold,/bin/tcsh,all
jb1262,juanmiguel,brazee,m,june 25 1999,lesotho,paralympic,equestrian,silver,/bin/tcsh,delete
aa3326,aria,anaya,f,december 13 1997,iran,olympic,equestrian,gold,/bin/tcsh,delete
yy1284,yuma,yung,f,september 28 1990,liberia,olympic,softball,gold,/bin/csh,all
sr7698,sherlyn,roden,f,may 17 2000,vietnam,paralympic,table_tennis,gold,/bin/tcsh,create
lp9606,latrel,palen,m,may 29 1994,singapore,olympic,rowing,gold,/bin/bash,drop
zb3447,zerrick,bondoc,m,july 15 1991,peru,olympic,badminton,bronze,/bin/ksh,drop
sy3778,stasia,yuen,f,july 17 1994,seychelles,olympic,tennis,silver,/bin/csh,create
rm9278,rosangel,mckinsey,f,december 26 1988,kazakhstan,olympic,athletics,bronze,/bin/bash,drop
ev7570,edwyn,vetsch,m,october 23 1987,paraguay,paralympic,sport_climbing,gold,/bin/csh,execute
kh1263,karolyn,hehn,f,may 30 1988,ghana,paralympic,canoe,silver,/bin/tcsh,all
rs4538,rhona,satter,f,november 2 1986,pakistan,paralympic,archery,bronze,/bin/bash,delete
pt5226,perlita,thedford,f,february 8 1990,hong_kong,paralympic,football,silver,/bin/tcsh,all
bw1668,breckyn,wohl,f,december 27 1998,togo,paralympic,sport_climbing,bronze,/bin/tcsh,all
ve2626,vasiliki,etter,f,november 21 1997,ukraine,olympic,tennis,silver,/bin/bash,create
mt4457,maryam,talmadge,f,may 15 1996,singapore,olympic,triathlon,bronze,/bin/csh,all
ch9720,ceana,hane,f,october 21 1999,costa_rica,paralympic,tennis,silver,/bin/ksh,execute
cl6624,chealse,lui,f,july 19 1990,saudi_arabia,olympic,basketball,silver,/bin/csh,create
rr1457,raevon,raby,m,december 2 1995,turkey,olympic,rowing,bronze,/bin/bash,drop
gb1897,gaven,berson,m,july 15 1993,moldova,paralympic,canoe,bronze,/bin/ksh,all
ns8509,nakaya,strutz,f,april 6 1991,lithuania,paralympic,sailing,silver,/bin/bash,all
ss5045,stepheny,swensen,f,february 19 1996,tunisia,olympic,equestrian,bronze,/bin/bash,drop
hb7143,honora,bitar,f,march 29 1990,eritrea,olympic,sailing,gold,/bin/csh,drop
dw6962,dalynn,waterson,f,august 20 1989,guyana,olympic,golf,gold,/bin/tcsh,drop
mc9467,mairi,camino,f,october 7 1994,australia,olympic,equestrian,bronze,/bin/tcsh,all
dk6729,dakota,karas,f,april 6 1993,belgium,paralympic,fencing,gold,/bin/ksh,execute
mc8765,millinia,corp,f,may 5 1992,latvia,paralympic,badminton,silver,/bin/ksh,drop
ng9655,najib,gurule,m,november 12 1996,libya,paralympic,rugby,gold,/bin/tcsh,create
nm9108,neiman,mclellan,m,may 16 1999,ecuador,olympic,badminton,bronze,/bin/bash,delete
rm5735,ronte,mccutchan,m,january 12 1991,ecuador,olympic,badminton,silver,/bin/tcsh,all
mm6126,mykenzie,marten,f,january 10 1994,australia,paralympic,taekwondo,bronze,/bin/tcsh,execute
mj2444,marely,jha,f,may 10 1999,kyrgyzstan,paralympic,skateboarding,bronze,/bin/bash,drop
ab4810,abdulai,burba,m,february 28 1994,ireland,olympic,fencing,silver,/bin/bash,create
mr5500,markeise,rajagopal,m,june 17 1993,jamaica,olympic,volleyball,gold,/bin/csh,all
ma3235,marrissa,aughenbaugh,f,june 29 1999,bangladesh,olympic,rowing,silver,/bin/ksh,execute
ag1833,august,grubaugh,f,november 1 1989,ireland,paralympic,tennis,bronze,/bin/csh,delete
ze8148,zain,ebron,m,january 15 1987,moldova,olympic,skateboarding,silver,/bin/csh,delete
am1142,avin,mouw,m,january 26 2000,mexico,paralympic,baseball,silver,/bin/tcsh,create
if4986,iram,ferree,m,january 26 1991,china,paralympic,handball,silver,/bin/csh,drop
kt2388,kynnedy,terhune,f,july 1 2000,india,olympic,canoe,silver,/bin/csh,execute
gm4262,ginevra,mcelvain,f,august 26 1998,pakistan,paralympic,fencing,gold,/bin/ksh,all
ao1239,alis,opfer,f,march 18 1990,guatemala,olympic,surfing,bronze,/bin/bash,execute
rl9282,rockford,liddell,m,august 8 1989,fiji,olympic,gymnastics,bronze,/bin/csh,drop
im9128,izell,mothershed,m,may 12 1986,togo,olympic,skateboarding,gold,/bin/csh,all
jb2665,jvon,brundidge,m,november 10 1999,japan,paralympic,aquatics,gold,/bin/ksh,all
ah5727,assad,hout,m,september 18 1989,ghana,paralympic,surfing,gold,/bin/tcsh,execute
ks8527,keiandre,silos,m,december 18 1996,canada,paralympic,triathlon,silver,/bin/csh,delete
qh2769,quintell,holzwarth,m,july 16 1988,turkey,olympic,gymnastics,silver,/bin/bash,drop
hb6488,haneefah,bungard,f,june 24 1999,hong_kong,paralympic,judo,silver,/bin/csh,create
tt9237,taquira,torkelson,f,october 15 2000,kyrgyzstan,olympic,gymnastics,silver,/bin/csh,all
ej3943,elicio,jalloh,m,may 22 1995,indonesia,olympic,aquatics,silver,/bin/bash,drop
lm7072,ladarian,majeed,m,october 1 2000,barbados,olympic,shooting,bronze,/bin/csh,delete
ah6417,adria,holoman,f,november 3 1997,djibouti,paralympic,football,gold,/bin/csh,create
th5174,takai,herdman,f,october 25 1990,cayman_islands,olympic,triathlon,silver,/bin/bash,drop
cf4292,cabrina,feltes,f,february 4 1991,mongolia,paralympic,tennis,gold,/bin/bash,execute
tf7994,terica,fullard,f,december 21 1993,china,paralympic,boxing,bronze,/bin/tcsh,execute
ag3640,alejo,guel,m,december 29 1990,slovenia,olympic,athletics,bronze,/bin/tcsh,delete
ck4465,chriselle,kole,f,june 15 1992,morocco,paralympic,golf,bronze,/bin/tcsh,drop
kw8835,kairon,well,m,may 21 2000,qatar,paralympic,shooting,gold,/bin/ksh,drop
eu1433,elisheva,utt,f,april 19 1998,chile,olympic,softball,silver,/bin/csh,drop
ab7037,aneth,bomberger,f,may 17 1995,cayman_islands,paralympic,boxing,silver,/bin/tcsh,create
mb5138,medea,bliss,f,october 6 1988,ivory_coast,olympic,rowing,silver,/bin/csh,all
ro7744,riva,offerman,f,february 29 1996,ethiopia,olympic,fencing,silver,/bin/ksh,all
rm3268,rene,mattix,m,may 24 1992,latvia,olympic,sport_climbing,gold,/bin/bash,drop
kk7657,keavon,kidder,m,august 14 1994,lebanon,olympic,boxing,bronze,/bin/bash,delete
ks8403,kaziah,spoto,f,october 20 1997,thailand,paralympic,taekwondo,silver,/bin/ksh,execute
tc5696,tristina,cowin,f,july 1 1989,cook_islands,olympic,table_tennis,silver,/bin/ksh,all
jp1465,jaeson,pi,m,november 10 1992,mexico,paralympic,cycling,bronze,/bin/tcsh,execute
dg9540,danniella,grenfell,f,august 17 1991,djibouti,olympic,table_tennis,silver,/bin/bash,delete
mg2245,mileah,grantz,f,january 15 1992,slovenia,olympic,volleyball,gold,/bin/bash,delete
cc2032,candra,cockburn,f,november 9 1998,botswana,olympic,boxing,bronze,/bin/csh,create
ac3590,alonte,cory,f,july 26 1990,philippines,paralympic,canoe,silver,/bin/bash,execute
lk9182,leoni,kime,f,august 20 1999,hungary,paralympic,shooting,bronze,/bin/ksh,drop
sw6300,siddharth,wierzbicki,m,may 6 1998,bahamas,olympic,weightlifting,silver,/bin/csh,delete
ta6685,tymeshia,auzenne,f,april 1 1995,ireland,olympic,taekwondo,silver,/bin/csh,all
bd4278,bernabe,dearing,m,september 10 1999,bahamas,paralympic,volleyball,silver,/bin/tcsh,delete
aw3742,aarthi,walford,f,august 25 1993,hungary,olympic,athletics,gold,/bin/bash,drop
sb1468,silvester,brunette,m,july 18 1988,mongolia,paralympic,equestrian,gold,/bin/csh,all
db3802,dajuana,beekman,f,january 17 1997,ethiopia,paralympic,karate,bronze,/bin/ksh,drop
sg8759,sayaka,gravitt,f,november 25 1998,luxembourg,paralympic,triathlon,silver,/bin/ksh,drop
id9875,isahia,dolley,m,october 20 1988,burkina_faso,paralympic,softball,silver,/bin/ksh,all
tl4789,tilly,losch,f,january 1 1994,moldova,paralympic,rowing,gold,/bin/ksh,create
mf1426,marietta,file,f,december 6 2000,philippines,paralympic,karate,gold,/bin/tcsh,create
zm5825,zackorie,madej,m,march 17 1990,cook_islands,paralympic,table_tennis,silver,/bin/tcsh,create
ad1897,abby,decoteau,f,february 17 1991,albania,olympic,volleyball,bronze,/bin/ksh,all
rd4412,robb,dauer,m,december 2 1989,sweden,paralympic,tennis,gold,/bin/csh,delete
nr7568,navy,rosenfield,f,november 16 1989,poland,paralympic,handball,silver,/bin/ksh,execute
ca4569,casimiro,arsenault,m,december 28 1999,finland,paralympic,judo,silver,/bin/bash,delete
en2530,emery,noto,f,june 7 1996,serbia,olympic,basketball,bronze,/bin/bash,all
cs3246,camilla,shean,f,march 3 1995,jamaica,paralympic,archery,bronze,/bin/bash,drop
tr1086,taichi,rapoport,m,october 21 1990,belarus,paralympic,handball,bronze,/bin/csh,delete
ch8800,cheyane,hoskins,f,april 30 1996,morocco,paralympic,archery,gold,/bin/ksh,all
mc1700,merci,cansino,f,january 1 1988,united_states,olympic,tennis,bronze,/bin/tcsh,execute
km9425,kitiara,mesfin,f,april 11 1997,indonesia,paralympic,tennis,silver,/bin/tcsh,create
jd5682,janani,demayo,f,february 17 1999,liechtenstein,olympic,triathlon,silver,/bin/bash,delete
cv5010,corvin,villarruel,m,september 10 1990,kazakhstan,olympic,wrestling,gold,/bin/ksh,delete
bn3023,basha,nemes,f,july 18 1999,ethiopia,paralympic,surfing,silver,/bin/bash,all
yg8363,yoceline,gillan,f,march 9 1996,estonia,olympic,archery,silver,/bin/tcsh,delete
ds4318,denis,sarris,f,september 19 2000,rwanda,olympic,athletics,gold,/bin/ksh,create
ba3683,brentyn,augustyniak,m,november 21 1998,puerto_rico,olympic,surfing,gold,/bin/ksh,all
ks7485,kerina,schwandt,f,october 19 1998,singapore,olympic,fencing,bronze,/bin/ksh,delete
rb9955,reina,brunett,f,february 25 1989,zimbabwe,olympic,golf,silver,/bin/csh,execute
dm2321,darlyn,mey,f,july 7 1991,chad,paralympic,table_tennis,gold,/bin/bash,create
db4962,desani,boakye,f,march 10 1992,saudi_arabia,paralympic,equestrian,bronze,/bin/tcsh,delete
tc9949,talani,carradine,f,february 7 1987,austria,paralympic,shooting,silver,/bin/csh,delete
mk1468,mikal,koller,f,november 17 1990,namibia,olympic,rowing,silver,/bin/bash,delete
kv7272,kanin,vig,m,october 26 1997,rwanda,paralympic,hockey,silver,/bin/tcsh,delete
ml1509,misty,lester,f,june 27 1987,guyana,paralympic,golf,silver,/bin/bash,execute
tf1889,tyffany,farrier,f,august 19 1987,vietnam,olympic,judo,bronze,/bin/csh,drop
yq5266,yannick,quintal,m,march 4 1999,belgium,paralympic,basketball,bronze,/bin/csh,drop
ap3960,andreea,plotts,f,april 8 1992,philippines,olympic,basketball,silver,/bin/tcsh,delete
km7050,kairi,maffett,m,february 19 2000,ukraine,paralympic,gymnastics,bronze,/bin/csh,drop
tm4220,tynesha,mathisen,f,february 8 1994,bulgaria,paralympic,canoe,silver,/bin/csh,drop
re7591,rafael,elson,m,january 14 1995,chinese_taipei,olympic,archery,silver,/bin/csh,drop
kk3856,kyndell,klotz,f,april 3 1991,djibouti,olympic,surfing,bronze,/bin/csh,all
ts9467,tyelor,swinford,m,november 8 1996,panama,paralympic,baseball,silver,/bin/csh,execute
ws1784,willson,springfield,m,september 7 1999,norway,olympic,karate,gold,/bin/tcsh,all
km1582,karolyna,mosser,f,february 28 1995,slovenia,olympic,canoe,bronze,/bin/ksh,drop
dk3840,diamante,kindler,m,march 29 1992,morocco,olympic,fencing,bronze,/bin/ksh,drop
eb2107,elissia,bologna,f,october 4 1997,iceland,paralympic,gymnastics,silver,/bin/ksh,create
an5554,akiel,nicolosi,m,september 3 1988,ghana,olympic,rugby,gold,/bin/ksh,all
tf5217,thao,forgue,f,february 2 1990,north_korea,paralympic,equestrian,bronze,/bin/bash,all
if6874,isabela,filippi,f,february 25 1997,mexico,paralympic,canoe,gold,/bin/bash,execute
db9942,drianna,bednarek,f,november 16 2000,iceland,paralympic,hockey,gold,/bin/bash,all
eg2306,eann,gittins,m,june 11 1987,nigeria,olympic,triathlon,bronze,/bin/tcsh,drop
tm3902,tevan,mosher,m,june 14 1992,ivory_coast,paralympic,equestrian,gold,/bin/ksh,all
ab3786,areej,blanton,f,july 29 1994,the_gambia,olympic,weightlifting,bronze,/bin/csh,create
fo2537,fariha,odom,f,november 1 1990,botswana,paralympic,badminton,silver,/bin/csh,drop
mf1957,marcellous,feder,m,october 24 1999,moldova,paralympic,rowing,silver,/bin/csh,all
jb5975,jelah,ballas,f,january 9 1989,hungary,paralympic,badminton,silver,/bin/ksh,execute
ap6765,averey,pullman,m,june 1 1994,georgia,olympic,rugby,gold,/bin/tcsh,execute
ab2412,ashleyanne,balducci,f,march 1 1998,fiji,olympic,boxing,silver,/bin/bash,drop
jt3804,jeovany,totaro,m,july 5 1997,hong_kong,paralympic,judo,gold,/bin/csh,create
am2601,azaan,mcglothin,m,september 29 1987,liberia,paralympic,hockey,silver,/bin/csh,execute
jm9028,joelene,morado,f,july 20 1995,serbia,olympic,athletics,bronze,/bin/csh,all
mg6717,mickayla,ganesan,f,may 4 1994,algeria,olympic,softball,silver,/bin/bash,delete
nh3076,nasia,hollie,f,december 10 1986,kenya,paralympic,wrestling,silver,/bin/tcsh,drop
ja9180,jhordan,ahn,m,november 1 1995,austria,olympic,volleyball,bronze,/bin/csh,create
sm8696,sedrick,mcauliffe,m,june 4 1991,cuba,paralympic,canoe,bronze,/bin/bash,delete
aa9911,alvin,aull,m,april 30 1991,el_salvador,paralympic,karate,bronze,/bin/bash,create
ep3941,elsy,perezmartinez,f,april 18 1997,denmark,paralympic,shooting,silver,/bin/csh,drop
uw3074,urijah,wilder,m,december 21 1986,ireland,paralympic,hockey,silver,/bin/bash,drop
jl8606,joren,lanoue,m,october 21 1986,san_marino,paralympic,badminton,gold,/bin/ksh,delete
lk1563,lindamarie,kisner,f,october 18 1996,barbados,olympic,weightlifting,gold,/bin/tcsh,delete
ab1197,angelea,bickers,f,march 11 1993,great_britain,olympic,weightlifting,bronze,/bin/bash,execute
ap5293,alizay,perla,f,august 7 1997,netherlands,olympic,sport_climbing,bronze,/bin/ksh,delete
vn9740,veronique,nicol,f,may 23 1987,denmark,olympic,basketball,bronze,/bin/csh,delete
sf2123,shakiah,flores,f,november 16 1989,azerbaijan,paralympic,handball,bronze,/bin/ksh,all
ms7855,molley,szydlowski,f,august 24 1987,bahamas,olympic,sport_climbing,gold,/bin/bash,execute
dt4635,darci,troutman,f,march 8 1995,lithuania,olympic,equestrian,bronze,/bin/bash,execute
hf8352,han,fairbanks,m,may 29 1991,benin,paralympic,softball,gold,/bin/ksh,drop
jl4927,jarelle,leeder,m,april 15 1990,eritrea,paralympic,cycling,gold,/bin/ksh,execute
jh5064,jeffrey,harton,f,november 14 1997,india,olympic,judo,bronze,/bin/bash,delete
lh7031,lionell,hostetter,m,november 26 1998,finland,paralympic,wrestling,gold,/bin/tcsh,all
tt7677,trevyn,talmage,m,november 4 1996,kuwait,olympic,volleyball,gold,/bin/bash,create
ds3638,deejay,samayoa,m,july 13 1999,djibouti,olympic,sport_climbing,bronze,/bin/ksh,execute
bh1499,briannah,houle,f,april 3 1986,benin,olympic,canoe,gold,/bin/csh,drop
yb8987,yasha,brackett,f,september 15 1998,moldova,paralympic,sailing,silver,/bin/bash,all
mg3578,maisyn,godbold,f,january 10 1996,luxembourg,olympic,equestrian,bronze,/bin/bash,delete
kg4943,korrine,grundman,f,september 26 1995,pakistan,olympic,judo,bronze,/bin/ksh,delete
mc4004,marino,chaffin,m,august 6 1987,ghana,paralympic,softball,silver,/bin/csh,create
aw9681,arantxa,weldy,f,march 5 1995,denmark,paralympic,canoe,gold,/bin/csh,drop
am1250,abreana,meriweather,f,march 22 1993,burkina_faso,olympic,sport_climbing,bronze,/bin/tcsh,create
ma8164,mikel,autry,f,june 14 1999,hungary,paralympic,judo,bronze,/bin/bash,create
zm1852,zyah,mehra,f,february 22 1989,new_zealand,olympic,badminton,silver,/bin/csh,delete
gh8953,galen,holloway,m,january 17 1988,moldova,olympic,softball,bronze,/bin/tcsh,drop
mr4040,marivel,rosecrans,f,january 27 1995,germany,paralympic,rowing,bronze,/bin/csh,all
cm1956,carrianne,maney,f,january 30 1991,germany,paralympic,weightlifting,bronze,/bin/tcsh,drop
db3909,delontae,buist,m,january 12 1990,chile,olympic,rowing,gold,/bin/bash,drop
dw1337,desrae,walbert,f,june 28 1988,chinese_taipei,olympic,weightlifting,gold,/bin/tcsh,execute
er2798,edan,rising,f,july 27 1990,rwanda,paralympic,sailing,bronze,/bin/bash,execute
ao3664,aquarius,ohanlon,m,october 27 1993,niger,paralympic,softball,gold,/bin/csh,execute
am2819,abrahm,morrill,m,august 6 1999,thailand,paralympic,badminton,bronze,/bin/csh,delete
lk1212,lamell,krishnan,m,february 22 1999,albania,paralympic,table_tennis,silver,/bin/bash,all
sc3964,sharissa,criss,f,october 19 1992,ukraine,olympic,wrestling,gold,/bin/bash,all
sj5827,shatara,joya,f,january 26 1998,moldova,olympic,table_tennis,bronze,/bin/ksh,drop
th9823,tamarah,hose,f,may 3 1995,slovenia,paralympic,karate,gold,/bin/tcsh,all
np6361,nickelas,perrigo,m,march 17 1990,hong_kong,paralympic,golf,gold,/bin/ksh,delete
av4479,aliciana,vine,f,august 24 1990,south_africa,olympic,judo,gold,/bin/csh,all
mc3102,moeez,crady,m,march 7 1990,peru,paralympic,taekwondo,bronze,/bin/ksh,drop
fk1685,fatmata,kistler,f,october 21 2000,slovakia,paralympic,cycling,bronze,/bin/tcsh,drop
ss4481,shalimar,steffen,f,december 21 1997,zimbabwe,paralympic,archery,gold,/bin/csh,drop
am3185,akira,merchant,f,november 17 1991,lesotho,olympic,tennis,gold,/bin/csh,execute
ce3138,camron,eldreth,m,february 23 1990,new_zealand,paralympic,karate,gold,/bin/ksh,all
dr2423,davionn,rodin,m,december 5 1988,botswana,olympic,basketball,gold,/bin/csh,create
tg8351,tiger,gambrel,m,march 14 1989,ethiopia,paralympic,cycling,gold,/bin/bash,all
mm3503,mattisen,michalowski,f,september 23 1986,seychelles,olympic,skateboarding,bronze,/bin/bash,create
go6993,glen,ochoa,m,june 8 1994,pakistan,olympic,skateboarding,bronze,/bin/tcsh,delete
is4070,issaic,smail,m,november 24 1990,zambia,paralympic,fencing,gold,/bin/ksh,create
ls3221,lashaun,stansell,m,july 30 1994,bangladesh,paralympic,tennis,silver,/bin/ksh,execute
sb6447,samar,baar,m,may 27 1988,estonia,olympic,canoe,gold,/bin/ksh,delete
br2287,bambi,rossiter,f,november 1 1989,venezuela,paralympic,softball,bronze,/bin/ksh,delete
wr8959,wally,reina,m,february 12 1989,niger,olympic,golf,gold,/bin/bash,create
ls6514,lateria,staniszewski,f,may 26 1995,bhutan,olympic,handball,bronze,/bin/ksh,create
df6890,disney,fennelly,f,november 7 1995,kenya,olympic,surfing,bronze,/bin/tcsh,create
yw7444,yuki,wellner,m,september 25 1989,guatemala,paralympic,karate,bronze,/bin/tcsh,drop
gh2827,gurman,healey,m,october 29 1995,chinese_taipei,paralympic,tennis,bronze,/bin/tcsh,delete
mc7251,melika,constancio,f,july 21 1992,bahrain,paralympic,rowing,bronze,/bin/tcsh,create
ng4898,naomi,griego,f,october 14 1999,bulgaria,paralympic,handball,bronze,/bin/bash,create
vf2054,vontae,fronk,m,april 15 1992,iran,paralympic,equestrian,bronze,/bin/ksh,all
sh1441,shalyn,housley,f,july 10 1996,san_marino,olympic,rowing,gold,/bin/csh,create
ke5045,karleigh,elahi,f,september 22 1990,chile,olympic,shooting,gold,/bin/bash,all
tl3466,tyria,lower,f,august 6 1993,japan,paralympic,football,gold,/bin/csh,create
mm4684,merrick,malick,f,april 30 1986,ukraine,olympic,taekwondo,bronze,/bin/ksh,drop
je7833,jodie,esslinger,m,march 27 1996,burundi,olympic,rowing,bronze,/bin/csh,create
to3878,tacara,orrego,f,july 15 1987,tunisia,olympic,shooting,gold,/bin/tcsh,all
kc2237,katryna,campeau,f,march 6 1998,japan,olympic,hockey,silver,/bin/csh,execute
zb2545,zed,badal,m,may 22 1988,finland,paralympic,golf,silver,/bin/bash,all
kp5272,kavonte,prevette,m,october 12 1999,colombia,olympic,shooting,bronze,/bin/bash,delete
jl4872,janae,lever,f,october 13 1992,croatia,olympic,basketball,silver,/bin/tcsh,delete
tm4673,tkeyah,mctigue,f,april 5 1987,iceland,olympic,sailing,bronze,/bin/ksh,all
ik3568,icesis,kreps,f,august 19 1991,moldova,paralympic,skateboarding,silver,/bin/bash,delete
km4138,kenet,megna,m,march 3 1986,zambia,olympic,fencing,bronze,/bin/tcsh,create
qi6297,quinlin,ige,m,june 10 1996,israel,paralympic,sailing,silver,/bin/csh,delete
bc6555,bryann,chupp,f,may 14 1998,bahrain,paralympic,sport_climbing,gold,/bin/csh,drop
kf4382,kenzy,foresman,f,august 23 1987,estonia,olympic,volleyball,bronze,/bin/bash,delete
to6564,taevion,opsahl,m,august 7 2000,lebanon,olympic,archery,silver,/bin/csh,all
ag1112,ashawn,grove,m,august 25 1997,romania,paralympic,handball,silver,/bin/tcsh,all
ko5020,krystiana,oberman,f,january 1 1988,north_macedonia,olympic,sailing,gold,/bin/csh,execute
jh2732,jacqualyn,hamler,f,december 5 1998,new_zealand,olympic,rugby,bronze,/bin/tcsh,drop
em2202,elibeth,mccoll,f,june 25 1990,djibouti,paralympic,rowing,silver,/bin/ksh,execute
sh1289,shamara,hashmi,f,august 4 1997,portugal,paralympic,badminton,gold,/bin/ksh,execute
kk1986,kearrah,kloepfer,f,november 17 1993,bangladesh,olympic,shooting,silver,/bin/csh,drop
as9842,atlas,sawyer,m,december 21 1986,peru,paralympic,football,silver,/bin/csh,drop
rv1803,reality,vanhorne,f,september 15 1986,united_states,paralympic,sport_climbing,silver,/bin/csh,create
ar6731,arcadio,rauch,m,march 27 1992,uruguay,olympic,volleyball,bronze,/bin/tcsh,drop
dj7697,donje,jackman,m,april 11 1995,north_korea,paralympic,softball,bronze,/bin/tcsh,all
kj3413,katja,janisch,f,december 11 1990,philippines,olympic,canoe,gold,/bin/ksh,drop
rs9788,rhyen,shao,f,february 8 1991,niger,olympic,rugby,bronze,/bin/ksh,all
kc9307,keysean,crespo,m,july 3 1995,thailand,olympic,canoe,gold,/bin/csh,execute
mb1822,mckailey,beemer,f,july 27 1989,singapore,paralympic,softball,bronze,/bin/csh,delete
hw1828,hyatt,winebrenner,f,may 25 1987,bahamas,paralympic,boxing,gold,/bin/csh,drop
sg7347,sherise,gonzales,f,december 3 1991,iran,paralympic,rowing,bronze,/bin/bash,execute
rm5639,royal,misch,f,august 13 1988,cook_islands,olympic,baseball,bronze,/bin/tcsh,delete
ap5758,abhishek,pickle,m,october 14 1999,armenia,paralympic,aquatics,gold,/bin/csh,delete
mc2613,michaiah,cabada,f,april 1 1992,uzbekistan,olympic,taekwondo,silver,/bin/tcsh,execute
gl2838,garin,ludy,m,april 24 1987,estonia,paralympic,boxing,bronze,/bin/tcsh,execute
ar5697,adriena,rosenquist,f,january 15 1998,ireland,olympic,karate,gold,/bin/tcsh,drop
jv1817,jamey,volk,f,november 17 1999,algeria,paralympic,cycling,bronze,/bin/ksh,create
tg1143,tyerra,gao,f,march 25 1991,cuba,paralympic,athletics,bronze,/bin/bash,all
er2999,emmali,rigsby,f,december 4 1991,canada,paralympic,skateboarding,gold,/bin/tcsh,drop
rs4128,rubby,scaccia,f,february 8 1995,paraguay,olympic,wrestling,silver,/bin/ksh,drop
rh5228,roizy,higbee,f,june 20 1998,croatia,paralympic,shooting,silver,/bin/ksh,create
cf5153,croix,fenderson,m,february 13 1999,lebanon,olympic,sport_climbing,silver,/bin/csh,drop
ts8156,tyus,storm,m,october 22 1990,kenya,paralympic,archery,gold,/bin/bash,create
ds9174,deseray,shattuck,f,april 16 1999,ukraine,paralympic,football,silver,/bin/bash,drop
jm6757,jaxx,miro,m,january 15 1993,ethiopia,paralympic,taekwondo,gold,/bin/bash,execute
eh9982,emmah,herington,f,may 30 1988,burkina_faso,paralympic,table_tennis,gold,/bin/ksh,delete
hz2116,harnoor,zastrow,f,august 27 1993,niger,paralympic,karate,silver,/bin/bash,all
tm4763,tyke,mctigue,m,february 4 1998,ecuador,olympic,triathlon,gold,/bin/tcsh,create
jv6111,janmichael,villafranco,m,may 20 1997,barbados,olympic,hockey,silver,/bin/csh,execute
lc6210,lamin,carrell,m,may 14 1986,slovakia,paralympic,sport_climbing,silver,/bin/tcsh,create
dg6694,donyell,goodson,f,april 27 1986,switzerland,paralympic,hockey,bronze,/bin/bash,drop
ct1615,chioma,tucci,f,june 16 1987,namibia,olympic,wrestling,gold,/bin/csh,create
ap2236,allianna,pointer,f,june 13 1988,denmark,olympic,handball,bronze,/bin/bash,all
cd1139,chavis,dorner,m,november 28 1986,kazakhstan,olympic,wrestling,gold,/bin/ksh,drop
cb2614,cortavius,banes,m,march 17 1987,syria,olympic,archery,bronze,/bin/ksh,drop
ph2697,percell,hendley,m,december 26 1991,poland,paralympic,aquatics,gold,/bin/tcsh,create
mv3644,marlen,vena,m,august 30 1991,norway,paralympic,judo,silver,/bin/csh,execute
ag1239,aneudy,giesen,m,july 2 1999,north_korea,olympic,athletics,silver,/bin/tcsh,all
ms1600,mandy,scher,f,april 2 1995,tunisia,paralympic,weightlifting,silver,/bin/ksh,all
es3808,evangelia,sheen,f,november 25 1997,hungary,olympic,athletics,bronze,/bin/csh,execute
tk2582,tayelor,kimbro,f,may 2 1987,rwanda,olympic,athletics,bronze,/bin/ksh,all
ac8326,amaura,cupps,f,may 27 1995,thailand,olympic,volleyball,silver,/bin/bash,drop
da3078,damond,alaimo,f,february 14 1998,mozambique,olympic,karate,bronze,/bin/tcsh,create
rt8385,rayjohn,turenne,m,november 4 1993,romania,paralympic,archery,silver,/bin/ksh,delete
lw5858,lacy,weedon,f,march 13 1996,brazil,paralympic,shooting,bronze,/bin/bash,all
dm8553,demarea,marren,m,january 1 1991,indonesia,paralympic,aquatics,bronze,/bin/tcsh,delete
tt9608,tamaia,torbert,f,june 4 1997,egypt,olympic,basketball,silver,/bin/csh,all
ec8175,ehab,chappelle,m,august 25 1992,djibouti,paralympic,football,gold,/bin/csh,drop
zd2294,zeb,dematteo,m,april 21 1987,armenia,paralympic,volleyball,bronze,/bin/ksh,delete
in8429,inocencio,nosek,m,july 12 2000,north_korea,paralympic,shooting,gold,/bin/tcsh,execute
na3538,nilson,amar,m,august 21 1989,new_zealand,olympic,basketball,gold,/bin/tcsh,create
lk5269,lavender,kitterman,f,october 5 1997,fiji,olympic,football,bronze,/bin/bash,create
er2667,elizabeth,rollison,f,october 13 1993,mongolia,olympic,hockey,silver,/bin/csh,execute
sr4990,somer,rasch,f,december 15 1996,chile,paralympic,golf,gold,/bin/ksh,execute
ci9635,clemens,imran,m,may 25 1996,saudi_arabia,paralympic,triathlon,silver,/bin/ksh,drop
je6710,jordann,everett,f,july 24 1990,brazil,olympic,rugby,bronze,/bin/ksh,execute
mb4879,ming,butler,m,november 4 1988,luxembourg,olympic,equestrian,bronze,/bin/tcsh,drop
mp2958,mera,pettry,f,november 7 1991,egypt,olympic,skateboarding,silver,/bin/bash,all
kg5215,kota,grimaldo,m,december 17 1988,netherlands,olympic,rowing,silver,/bin/ksh,delete
tm3768,tomaz,marchetti,m,april 17 1992,kenya,olympic,surfing,gold,/bin/csh,drop
ah8287,adedamola,hillis,m,june 20 1997,uruguay,olympic,basketball,silver,/bin/ksh,delete
ik2028,ijah,kizer,f,august 2 1986,seychelles,paralympic,basketball,gold,/bin/bash,create
ds7442,diandre,sahu,m,july 5 1990,colombia,paralympic,tennis,bronze,/bin/bash,create
ka2101,keitha,ambler,f,january 14 1986,cook_islands,paralympic,archery,silver,/bin/csh,delete
mo8386,mariette,obryan,f,march 28 1993,bhutan,paralympic,volleyball,bronze,/bin/tcsh,create
dg5139,deaven,ganley,m,june 9 1990,poland,olympic,softball,gold,/bin/bash,all
mb3299,maliya,barajas,f,october 16 1993,panama,olympic,sailing,gold,/bin/ksh,create
lb1533,labiba,bosma,f,april 30 1999,botswana,olympic,rowing,silver,/bin/ksh,all
as9350,adhemar,seda,m,july 16 1990,chinese_taipei,olympic,aquatics,silver,/bin/bash,create
ss5443,sid,sickels,m,september 29 1991,czech_republic,paralympic,surfing,silver,/bin/tcsh,create
jg7148,jaquaveon,gangloff,m,may 11 1996,hungary,paralympic,golf,gold,/bin/tcsh,create
mb4254,milinda,bierly,f,june 9 1986,bhutan,olympic,rowing,bronze,/bin/csh,create
ja9951,jaiden,anstett,m,august 24 1996,eritrea,paralympic,shooting,gold,/bin/tcsh,drop
lb4448,landri,bien,f,may 9 1995,mozambique,paralympic,skateboarding,gold,/bin/bash,drop
dc5635,deyonce,clymer,f,august 30 1990,tunisia,paralympic,taekwondo,gold,/bin/bash,delete
ke2201,kalyssa,eatman,f,november 25 1987,hong_kong,olympic,baseball,bronze,/bin/bash,drop
tb3738,tahron,barua,m,april 3 1987,puerto_rico,olympic,handball,bronze,/bin/bash,drop
fw7328,ferman,worster,m,may 29 1993,ethiopia,paralympic,badminton,silver,/bin/csh,execute
ml4148,melaney,lieberman,f,february 5 1996,mexico,paralympic,aquatics,bronze,/bin/ksh,delete
am4884,antwuan,mccuistion,m,march 4 2000,sri_lanka,paralympic,skateboarding,silver,/bin/ksh,delete
as4713,arina,slowik,f,june 15 1996,france,olympic,aquatics,gold,/bin/ksh,delete
ym4225,yocelin,mikels,f,march 5 1990,japan,olympic,fencing,bronze,/bin/ksh,delete
jp8517,jyden,pressey,m,march 26 1996,luxembourg,olympic,table_tennis,gold,/bin/tcsh,drop
mk2540,marvell,kallas,m,march 6 1992,guyana,olympic,archery,bronze,/bin/tcsh,all
ko5472,keonni,osmundson,f,august 21 1986,guyana,olympic,handball,gold,/bin/csh,all
kc4004,keirsten,campo,f,august 18 1986,liberia,paralympic,canoe,silver,/bin/bash,execute
cm5035,corbyn,mccaul,m,august 4 1989,guyana,paralympic,golf,bronze,/bin/csh,delete
yl8460,yamilet,legler,f,july 3 1999,mongolia,paralympic,archery,gold,/bin/tcsh,create
rz1683,rosella,zahn,f,july 9 1988,chile,olympic,weightlifting,bronze,/bin/tcsh,create
da8245,daryus,aune,m,october 29 1986,uganda,olympic,rowing,bronze,/bin/bash,all
kl2665,kaulana,lemar,m,december 20 1996,ireland,paralympic,taekwondo,gold,/bin/tcsh,create
ds9997,de,struble,m,november 11 1995,seychelles,paralympic,sailing,gold,/bin/bash,drop
st6084,shannen,tinnin,m,august 21 2000,chad,paralympic,gymnastics,bronze,/bin/bash,create
ds3005,donya,saliba,f,march 14 1998,greece,paralympic,surfing,silver,/bin/csh,execute
ls4714,lynsey,schumer,f,may 29 1996,zimbabwe,paralympic,basketball,silver,/bin/tcsh,execute
oc1391,obadiah,christopher,m,july 27 1999,cyprus,paralympic,skateboarding,gold,/bin/ksh,delete
rs8592,ranasia,schultz,f,march 1 1999,zimbabwe,paralympic,shooting,bronze,/bin/tcsh,execute
kg7901,kennya,godby,f,september 3 1997,togo,olympic,badminton,gold,/bin/bash,execute
yy1330,yvana,yamane,f,july 4 1992,liberia,paralympic,baseball,silver,/bin/ksh,delete
om8872,odaly,miera,f,november 10 1995,cuba,olympic,wrestling,silver,/bin/ksh,create
jb5384,jena,bieker,f,december 25 1986,eritrea,paralympic,skateboarding,gold,/bin/csh,all
kg8223,kennan,galaviz,f,october 3 1993,south_africa,paralympic,surfing,silver,/bin/bash,delete
ed4246,etty,dust,f,november 21 1997,new_zealand,olympic,skateboarding,gold,/bin/csh,execute
ed9514,ellee,doe,f,april 18 1994,israel,paralympic,rugby,gold,/bin/csh,create
kd9315,kevonn,dunleavy,m,october 16 1991,angola,olympic,fencing,silver,/bin/tcsh,create
aw4437,aleem,womble,m,september 1 1990,grenada,olympic,athletics,silver,/bin/bash,all
sn8049,soumil,neaves,m,november 17 1996,venezuela,paralympic,equestrian,bronze,/bin/csh,delete
jc3767,janicia,cloutier,f,november 30 1996,philippines,paralympic,volleyball,gold,/bin/tcsh,delete
hb4594,harriet,begaye,f,october 26 1986,slovenia,olympic,shooting,bronze,/bin/bash,delete
sw3457,shanteria,wardlow,f,august 16 1992,spain,paralympic,wrestling,bronze,/bin/bash,drop
nr4776,nobel,ratley,m,january 9 1997,lebanon,olympic,softball,silver,/bin/ksh,execute
ld3145,lashawnda,dansie,f,september 3 1999,belgium,paralympic,shooting,silver,/bin/ksh,all
lg7500,lavell,golliday,m,march 1 2000,djibouti,olympic,volleyball,bronze,/bin/ksh,delete
rs5119,rani,soroka,m,may 2 1992,el_salvador,olympic,badminton,bronze,/bin/ksh,create
kg7611,kuuipo,gopal,f,july 12 1996,austria,olympic,hockey,bronze,/bin/csh,all
jp5512,jeanna,ploof,f,march 12 1996,uruguay,paralympic,badminton,bronze,/bin/tcsh,delete
mk4296,molly,krill,f,october 2 1993,bahrain,olympic,fencing,silver,/bin/bash,delete
dz9133,denna,zelenak,f,december 14 1996,north_korea,olympic,triathlon,silver,/bin/ksh,create
kh5551,kymir,hammer,m,may 4 1993,turkey,olympic,shooting,gold,/bin/bash,drop
ap2774,angella,ponton,f,june 1 1991,chad,olympic,baseball,bronze,/bin/csh,execute
js7699,jacquelene,schnurr,f,february 12 1987,georgia,olympic,softball,gold,/bin/ksh,drop
ab5561,aundre,berroa,m,november 7 1997,libya,paralympic,rowing,silver,/bin/csh,drop
sm9485,steffani,mickel,f,october 10 1996,lithuania,paralympic,badminton,gold,/bin/ksh,all
jc3445,jakara,cash,f,december 23 1994,chad,paralympic,athletics,silver,/bin/csh,drop
sc2524,susi,cumberledge,f,november 26 1989,kazakhstan,olympic,badminton,bronze,/bin/csh,execute
jn6334,jennica,nitz,f,may 30 1990,austria,paralympic,archery,gold,/bin/tcsh,all
lf4811,lucian,figueras,m,june 13 1991,chinese_taipei,paralympic,rugby,gold,/bin/ksh,create
tr9509,travonna,ramos,f,october 28 1991,pakistan,paralympic,sailing,gold,/bin/bash,execute
db3762,david,badilla,m,november 14 1988,rwanda,olympic,gymnastics,silver,/bin/tcsh,drop
kb3996,kodie,blew,m,september 13 1994,chinese_taipei,olympic,skateboarding,bronze,/bin/ksh,all
cw5182,cristen,wheatley,f,december 17 1999,lesotho,paralympic,basketball,silver,/bin/bash,delete
jc6727,johntae,caruth,m,february 6 1992,panama,olympic,hockey,bronze,/bin/csh,create
ap4555,alina,pluta,f,april 3 1996,venezuela,paralympic,fencing,bronze,/bin/tcsh,execute
nv1244,nikolis,velo,m,march 20 1999,rwanda,olympic,taekwondo,gold,/bin/tcsh,create
ra1795,ronika,auguste,f,october 22 1990,bhutan,paralympic,baseball,silver,/bin/tcsh,create
bh4816,brennan,hanger,f,october 27 1990,togo,olympic,triathlon,silver,/bin/ksh,create
cp9194,cecile,petro,f,july 23 1989,moldova,olympic,handball,bronze,/bin/ksh,all
lg5851,leviticus,galeas,m,march 22 1997,paraguay,olympic,skateboarding,gold,/bin/ksh,delete
dy3717,danelle,yabut,f,december 6 1997,el_salvador,paralympic,canoe,gold,/bin/tcsh,delete
ql7301,querida,lattanzio,f,october 20 1995,denmark,paralympic,wrestling,bronze,/bin/bash,execute
dw2601,daoud,wilkey,m,january 1 1989,united_states,olympic,gymnastics,bronze,/bin/bash,delete
rb6244,ronin,bellini,m,april 3 1995,tunisia,paralympic,table_tennis,gold,/bin/bash,delete
lm9690,loi,middlebrook,m,december 19 1988,djibouti,olympic,weightlifting,bronze,/bin/bash,create
am2146,asa,marr,m,may 12 1999,philippines,paralympic,judo,gold,/bin/bash,drop
ay6656,altagracia,yamasaki,f,august 7 1993,bahrain,olympic,wrestling,gold,/bin/tcsh,execute
rn4855,refael,noyes,m,february 29 1996,brazil,paralympic,sport_climbing,silver,/bin/ksh,all
sc5557,serinity,crowther,f,april 19 1995,pakistan,paralympic,hockey,gold,/bin/bash,execute
sb6750,shaden,barrus,f,february 6 2000,turkey,paralympic,football,bronze,/bin/bash,create
el2353,elex,lapaglia,m,november 12 2000,hong_kong,paralympic,baseball,silver,/bin/csh,execute
as2670,amr,scaccia,m,october 19 1999,switzerland,paralympic,aquatics,bronze,/bin/csh,delete
ao5399,adiyah,ortego,f,october 19 1987,qatar,paralympic,basketball,bronze,/bin/tcsh,execute
sm2472,shaylene,mcclintock,f,february 20 1995,indonesia,paralympic,basketball,silver,/bin/csh,drop
lw2896,latiana,wieneke,f,january 8 1990,hungary,paralympic,rugby,bronze,/bin/ksh,delete
ac6897,andrena,colina,f,january 26 1987,panama,paralympic,triathlon,bronze,/bin/csh,create
ma4651,marcial,audet,m,january 13 1994,greece,paralympic,weightlifting,gold,/bin/ksh,create
vc3396,valentino,crosbie,m,june 5 1989,lebanon,paralympic,archery,gold,/bin/ksh,all
rv9136,raheem,vanderhoff,m,december 1 1994,armenia,olympic,basketball,gold,/bin/ksh,create
ah2856,aerica,hudak,f,september 22 1987,turkey,olympic,equestrian,silver,/bin/bash,drop
jy1548,juri,yarnall,f,january 2 1986,angola,paralympic,karate,silver,/bin/bash,drop
tm5364,tyresse,mccutchan,m,april 18 1987,cook_islands,olympic,shooting,gold,/bin/csh,all
im8401,issaih,mchenry,m,september 2 2000,estonia,olympic,aquatics,bronze,/bin/bash,all
tv4548,taleigh,vanhandel,f,july 8 1992,bermuda,paralympic,baseball,bronze,/bin/ksh,drop
bb1458,braedan,brumbelow,m,may 18 1994,pakistan,paralympic,golf,gold,/bin/csh,execute
sy7230,sorina,yonan,f,december 12 1999,philippines,olympic,canoe,gold,/bin/csh,drop
kb9453,kilah,baker,f,july 17 1996,djibouti,olympic,volleyball,bronze,/bin/tcsh,execute
am7399,aaniya,mcentire,f,may 7 1996,bangladesh,paralympic,softball,gold,/bin/bash,delete
jb2465,josephmichael,barrette,m,january 4 1997,zimbabwe,paralympic,sport_climbing,gold,/bin/csh,create
db1112,deeanna,bemis,f,june 23 1994,syria,olympic,handball,bronze,/bin/ksh,drop
mm6701,mackinnley,mancillas,m,april 27 1995,iran,olympic,volleyball,bronze,/bin/ksh,drop
tk9360,tedric,killian,m,march 20 1992,ghana,paralympic,archery,silver,/bin/tcsh,drop
cw1704,chandra,windham,f,april 13 1992,india,olympic,table_tennis,bronze,/bin/tcsh,all
dk7076,davius,kaczynski,m,september 17 1992,egypt,olympic,equestrian,bronze,/bin/bash,drop
tc3460,taneria,clift,f,december 11 1988,uganda,olympic,skateboarding,gold,/bin/bash,all
dp8656,deon,piscopo,f,december 22 1996,germany,paralympic,gymnastics,bronze,/bin/bash,create
gc5337,giuliano,current,m,april 6 1998,indonesia,olympic,baseball,bronze,/bin/bash,delete
kd8656,kiera,dornan,f,june 5 1991,bermuda,olympic,weightlifting,silver,/bin/ksh,create
te9578,turner,eells,f,august 22 1992,albania,olympic,basketball,gold,/bin/ksh,drop
am4796,acire,marzolf,f,august 23 1991,cuba,olympic,wrestling,silver,/bin/ksh,delete
km7125,kalinda,mcgreevy,f,july 7 1986,singapore,olympic,basketball,gold,/bin/tcsh,execute
hb3676,hillel,brasil,m,january 25 1990,azerbaijan,olympic,badminton,bronze,/bin/tcsh,drop
bu5846,bernardo,urquiza,m,december 21 1996,iran,olympic,tennis,gold,/bin/ksh,execute
nk4771,nikiyah,knapper,f,june 20 1989,ivory_coast,paralympic,karate,bronze,/bin/tcsh,drop
mg1421,mckynzie,griego,f,december 7 1997,lesotho,olympic,equestrian,bronze,/bin/tcsh,drop
ak6902,avamarie,krapf,f,may 23 1987,cyprus,olympic,volleyball,gold,/bin/tcsh,all
kp8898,kasidee,pasquale,f,july 17 1998,thailand,paralympic,basketball,bronze,/bin/csh,create
ap4965,aysa,pannone,f,may 20 1993,ireland,olympic,cycling,gold,/bin/tcsh,drop
hb5847,hollis,blecha,m,march 28 1989,mongolia,paralympic,tennis,bronze,/bin/ksh,delete
st9395,shammah,toy,m,october 20 1994,saudi_arabia,paralympic,table_tennis,silver,/bin/csh,drop
bw2606,briseis,worley,f,april 16 1997,djibouti,olympic,rowing,silver,/bin/csh,drop
kl3935,krislyn,leap,f,january 8 1998,hong_kong,olympic,taekwondo,gold,/bin/tcsh,delete
bs4662,brandie,schomer,f,june 22 1991,singapore,paralympic,canoe,bronze,/bin/ksh,execute
jw8770,jaymon,whitehill,m,may 25 1994,togo,olympic,tennis,gold,/bin/csh,all
ab5247,apollonia,bue,f,february 12 1988,kazakhstan,paralympic,skateboarding,bronze,/bin/ksh,drop
ah2489,atiana,highfield,f,july 22 1996,south_africa,paralympic,skateboarding,gold,/bin/ksh,drop
ah3071,adriann,hickson,m,february 25 1992,sri_lanka,paralympic,badminton,silver,/bin/ksh,execute
lr7025,leshawn,ricker,m,august 23 1994,new_zealand,paralympic,taekwondo,gold,/bin/bash,drop
lc2394,ladaijah,cira,f,october 12 1999,canada,paralympic,taekwondo,silver,/bin/tcsh,drop
vc3673,varsha,collyer,f,february 13 1990,venezuela,paralympic,softball,gold,/bin/tcsh,all
bt7102,braydan,teagle,m,august 6 1990,ukraine,paralympic,sport_climbing,gold,/bin/ksh,drop
mc4104,makyle,cockerill,m,september 19 1997,panama,olympic,golf,bronze,/bin/bash,execute
mg8652,maansi,gentles,f,september 16 1993,uganda,olympic,badminton,bronze,/bin/ksh,create
mh1104,mickael,hird,m,march 28 1994,kazakhstan,olympic,triathlon,bronze,/bin/bash,execute
ci5392,chyra,infante,f,august 25 1992,belgium,paralympic,wrestling,silver,/bin/bash,drop
an1977,aslan,nishikawa,m,october 26 1995,switzerland,olympic,basketball,bronze,/bin/bash,execute
km9513,kemari,montes,m,december 12 1994,china,paralympic,football,bronze,/bin/tcsh,execute
dj4381,dametrius,joslyn,m,june 4 1986,ecuador,paralympic,shooting,gold,/bin/tcsh,create
eu9901,eldred,unruh,m,october 20 1989,peru,paralympic,gymnastics,silver,/bin/bash,all
iw3008,ises,weakland,f,september 3 1986,rwanda,paralympic,badminton,bronze,/bin/bash,create
ms8143,melis,sturdevant,f,november 12 1993,puerto_rico,olympic,baseball,gold,/bin/csh,delete
ea1539,emanuell,alvillar,m,november 10 1999,paraguay,olympic,karate,silver,/bin/csh,execute
dc6813,devann,carn,f,november 7 1996,chile,olympic,gymnastics,bronze,/bin/csh,create
rd7037,rossy,dejonge,f,november 20 1987,belgium,paralympic,skateboarding,silver,/bin/csh,all
nd4067,nyles,dunsworth,m,november 14 1996,lebanon,paralympic,badminton,silver,/bin/ksh,delete
tm9690,taya,musante,f,october 27 1997,malaysia,olympic,equestrian,gold,/bin/tcsh,create
ad1435,akshar,doll,m,february 29 1996,bhutan,olympic,equestrian,bronze,/bin/tcsh,drop
ql1502,quenton,lapinski,m,july 4 1998,rwanda,olympic,karate,gold,/bin/csh,drop
sj1026,saraya,jennette,f,june 24 1998,azerbaijan,paralympic,golf,silver,/bin/tcsh,delete
fs2031,falcon,snipe,m,december 6 1986,slovakia,olympic,hockey,silver,/bin/csh,drop
td2177,tyvan,derby,m,august 19 1986,cook_islands,paralympic,equestrian,silver,/bin/csh,drop
dk2812,danyal,kouba,m,july 6 1999,botswana,olympic,boxing,gold,/bin/csh,all
kt3727,kavaughn,traut,m,april 1 1993,luxembourg,olympic,rowing,bronze,/bin/bash,all
cf9664,carleen,finn,f,october 12 1995,philippines,olympic,taekwondo,silver,/bin/tcsh,execute
hw1573,hima,wahlberg,f,september 19 1988,grenada,olympic,judo,silver,/bin/csh,execute
bs5017,bobbiejo,shallow,f,february 20 1996,tunisia,olympic,baseball,gold,/bin/bash,drop
rc7839,raianna,cottingham,f,december 22 1991,indonesia,olympic,athletics,gold,/bin/csh,execute
lm9327,liyah,mutter,f,september 2 1993,chinese_taipei,paralympic,aquatics,bronze,/bin/csh,drop
hh7216,harjot,hui,m,july 6 1990,hong_kong,paralympic,baseball,silver,/bin/csh,execute
ia5775,inessa,ambers,f,october 28 2000,chile,olympic,skateboarding,bronze,/bin/bash,execute
nc3272,nicholes,colosimo,m,november 23 1989,czech_republic,paralympic,tennis,bronze,/bin/ksh,all
gs1962,givon,shubin,m,april 14 1993,singapore,olympic,skateboarding,bronze,/bin/csh,execute
ed2414,eliyah,defibaugh,f,may 11 1992,spain,olympic,badminton,bronze,/bin/ksh,delete
jp9051,jahree,paluch,m,february 12 1990,tunisia,olympic,softball,silver,/bin/tcsh,execute
jl9067,jemel,linde,m,october 11 1997,rwanda,paralympic,badminton,silver,/bin/csh,all
ac7469,alayasia,cullers,f,november 12 1992,thailand,olympic,surfing,gold,/bin/bash,all
jl3445,jodeci,lyerly,m,january 1 1996,thailand,olympic,handball,gold,/bin/tcsh,drop
jf2874,jamesmatthew,faustin,m,august 21 1996,morocco,olympic,handball,silver,/bin/tcsh,delete
iz5136,idil,zegarra,f,june 10 1996,mongolia,olympic,triathlon,gold,/bin/tcsh,execute
co1119,colen,oats,m,february 12 1988,slovakia,olympic,cycling,gold,/bin/tcsh,all
dc5390,desare,cast,f,february 30 1997,lesotho,paralympic,rugby,bronze,/bin/tcsh,drop
aw2636,audry,warrick,f,june 21 1987,tunisia,olympic,golf,silver,/bin/csh,create
js4157,jaryn,sandoz,m,january 11 2000,turkey,olympic,softball,silver,/bin/tcsh,create
kc3472,katheleen,critchlow,f,april 16 1992,south_africa,olympic,tennis,bronze,/bin/csh,execute
es4256,errin,seales,m,september 29 1990,cyprus,paralympic,fencing,gold,/bin/bash,execute
rj4349,ryliegh,just,f,march 10 1997,jordan,paralympic,taekwondo,bronze,/bin/tcsh,delete
jc3934,jayla,coller,f,december 9 1993,guyana,olympic,volleyball,bronze,/bin/ksh,drop
eg6797,emir,goldberger,m,november 27 1993,mongolia,olympic,softball,gold,/bin/csh,drop
ey5809,elizah,yong,m,august 8 1994,ivory_coast,paralympic,baseball,silver,/bin/bash,create
dd2525,demarquis,domenico,m,july 13 1992,belgium,olympic,golf,bronze,/bin/ksh,create
gp9091,gerritt,putt,m,april 6 1986,czech_republic,paralympic,karate,gold,/bin/csh,drop
ld6156,larisha,dallmann,f,june 11 1986,syria,paralympic,badminton,silver,/bin/bash,delete
np4524,nysha,piggott,f,june 6 1995,chinese_taipei,olympic,judo,bronze,/bin/bash,drop
kb6899,keonna,beason,f,july 22 1990,albania,olympic,fencing,silver,/bin/ksh,create
dh3429,deondra,hawker,m,november 2 1991,great_britain,olympic,badminton,bronze,/bin/tcsh,drop
dh1105,dvon,huron,m,november 27 1999,zimbabwe,paralympic,sailing,silver,/bin/ksh,execute
he6721,hadel,evora,f,february 24 1994,finland,olympic,equestrian,gold,/bin/bash,execute
lv1722,laisha,vancura,f,june 29 1987,israel,olympic,judo,gold,/bin/tcsh,delete
sg4943,sian,garate,f,may 6 1996,norway,paralympic,taekwondo,bronze,/bin/bash,drop
la2029,loretta,altice,f,december 13 1991,cuba,paralympic,canoe,gold,/bin/tcsh,delete
sp2490,shaelin,prinz,f,december 2 1999,ghana,olympic,weightlifting,silver,/bin/ksh,create
cb8429,chanah,burgoyne,f,october 11 1993,rwanda,paralympic,sailing,gold,/bin/csh,create
ms2790,mychelle,sweeny,f,april 14 1997,estonia,olympic,equestrian,silver,/bin/tcsh,delete
cn8569,chas,nosek,m,april 13 1989,tanzania,paralympic,triathlon,gold,/bin/ksh,drop
ml2609,macala,larsen,f,april 6 1994,turkey,paralympic,judo,bronze,/bin/bash,delete
km3895,kessler,marsee,m,october 18 1986,greece,paralympic,rowing,bronze,/bin/tcsh,drop
gc2074,genie,cazier,f,april 5 1991,saudi_arabia,paralympic,archery,bronze,/bin/tcsh,all
aj5628,arielle,judson,f,may 13 2000,switzerland,paralympic,taekwondo,silver,/bin/bash,delete
ml1450,marily,lanning,f,september 27 1993,armenia,olympic,sport_climbing,bronze,/bin/bash,delete
dr1988,dashay,romanello,f,april 12 1988,chinese_taipei,olympic,aquatics,bronze,/bin/ksh,execute
zs1292,zahmir,schreiber,m,may 9 1997,thailand,olympic,baseball,silver,/bin/csh,execute
jv3872,jacqui,venkatesan,f,october 1 1991,mozambique,paralympic,fencing,bronze,/bin/bash,execute
nl8387,nikole,langen,f,june 22 1995,benin,olympic,shooting,silver,/bin/bash,drop
lg4482,luisgustavo,gangloff,m,december 6 1998,samoa,paralympic,boxing,silver,/bin/bash,delete
sa1101,shulamit,andreu,f,april 22 1991,san_marino,paralympic,wrestling,bronze,/bin/ksh,execute
lg5852,lamyia,gartrell,f,august 26 1988,israel,olympic,handball,bronze,/bin/ksh,delete
tg8337,trashawn,guarino,m,june 12 1999,new_zealand,paralympic,baseball,bronze,/bin/csh,all
vm1011,varick,melecio,m,february 4 1992,belgium,olympic,softball,bronze,/bin/tcsh,create
dh2043,dontrail,hirschberg,m,june 20 1999,austria,paralympic,wrestling,silver,/bin/tcsh,drop
wm4716,wilhelm,mesidor,m,march 22 1995,ethiopia,olympic,baseball,bronze,/bin/bash,all
ch3618,chrishanna,heltzel,f,march 21 2000,egypt,paralympic,boxing,silver,/bin/tcsh,delete
sl8348,sami,ludeman,m,september 22 1994,lebanon,olympic,judo,bronze,/bin/tcsh,drop
tp6744,teighlor,popham,f,august 5 1992,serbia,paralympic,equestrian,silver,/bin/csh,all
ss6321,sajah,sistrunk,f,april 4 1987,bangladesh,olympic,badminton,bronze,/bin/ksh,drop
ba5265,binyamin,applegarth,m,september 29 1992,armenia,olympic,canoe,bronze,/bin/bash,all
lu9174,lillianne,ullman,f,august 6 1999,sweden,paralympic,weightlifting,silver,/bin/bash,all
ca7384,clancy,ando,f,august 30 1989,india,olympic,weightlifting,silver,/bin/ksh,create
ab3373,andreanna,bouska,f,january 18 1988,india,olympic,skateboarding,silver,/bin/csh,execute
zs7866,zineb,seaton,f,february 17 1989,italy,paralympic,football,bronze,/bin/csh,execute
ts4642,talayah,sandoval,f,july 27 1988,mozambique,olympic,surfing,bronze,/bin/bash,execute
dh9923,dandre,henkle,m,april 5 2000,poland,paralympic,wrestling,silver,/bin/ksh,drop
js3113,joeanna,swartzentruber,f,june 11 1991,netherlands,paralympic,taekwondo,silver,/bin/tcsh,delete
jk1692,jontel,kendricks,m,june 6 1994,kyrgyzstan,olympic,golf,bronze,/bin/csh,drop
cg7532,ciannah,greggs,f,november 11 1995,belgium,olympic,skateboarding,silver,/bin/ksh,execute
da3215,dyllan,apodaca,m,january 15 1990,kenya,paralympic,rugby,silver,/bin/tcsh,delete
cv4187,castor,voelkel,m,december 10 1998,bangladesh,paralympic,badminton,silver,/bin/tcsh,execute
ak6229,amisa,kight,f,december 4 1988,andorra,olympic,shooting,gold,/bin/ksh,drop
ar9325,alexyss,rushton,f,march 26 1997,morocco,paralympic,softball,bronze,/bin/tcsh,delete
ng8273,nohelia,granier,f,december 5 1999,pakistan,paralympic,volleyball,bronze,/bin/ksh,execute
vc1785,velencia,custard,f,may 25 2000,cuba,paralympic,wrestling,silver,/bin/tcsh,execute
mb2692,meliza,buhr,f,may 28 1989,panama,paralympic,baseball,silver,/bin/bash,delete
lt6714,leandre,trautmann,m,february 20 1990,vietnam,paralympic,volleyball,silver,/bin/bash,all
pk6081,parys,karel,f,january 9 1999,nigeria,olympic,surfing,gold,/bin/ksh,all
am1956,abdulkarim,mangini,m,september 17 1997,hong_kong,paralympic,rowing,silver,/bin/tcsh,create
ll2917,livan,lanthier,m,july 7 1986,uruguay,olympic,hockey,bronze,/bin/ksh,delete
oa5828,omni,amar,f,march 8 1988,italy,paralympic,karate,gold,/bin/tcsh,drop
tk5631,tauni,kennett,f,september 19 1996,tunisia,paralympic,rugby,gold,/bin/tcsh,execute
cw1377,caslyn,wangen,f,april 1 1998,guatemala,paralympic,athletics,gold,/bin/tcsh,delete
ze5597,zitlaly,emerick,f,april 28 1993,netherlands,olympic,aquatics,gold,/bin/csh,drop
jp7775,jatin,poplin,m,december 27 1989,san_marino,olympic,equestrian,silver,/bin/ksh,delete
mn2825,maleyna,nisbet,f,october 3 1993,kazakhstan,paralympic,aquatics,silver,/bin/tcsh,execute
qk8252,quion,ketcherside,m,march 5 1991,eritrea,paralympic,football,bronze,/bin/csh,drop
lk9234,lya,kulas,f,january 3 1991,zambia,paralympic,baseball,bronze,/bin/ksh,create
jb2317,jimmy,bures,f,september 12 1988,iceland,paralympic,hockey,bronze,/bin/bash,execute
km7946,keyondra,mendonca,f,april 5 2000,bahrain,paralympic,athletics,gold,/bin/ksh,execute
sw7641,syndey,willer,f,august 26 1988,niger,paralympic,wrestling,gold,/bin/bash,execute
db6926,derriana,blank,f,september 20 1997,peru,paralympic,boxing,bronze,/bin/ksh,create
ir6781,itati,roe,f,may 16 2000,hungary,olympic,baseball,bronze,/bin/tcsh,execute
tb4580,tearria,balko,f,november 13 1988,kazakhstan,olympic,judo,gold,/bin/bash,execute
vs7141,viveka,sobeck,f,november 4 1999,cook_islands,olympic,rugby,silver,/bin/bash,all
mb5316,miara,birchfield,f,june 23 1999,kyrgyzstan,olympic,hockey,gold,/bin/csh,create
ks6238,klaudia,smithson,f,february 10 1998,portugal,paralympic,taekwondo,silver,/bin/ksh,drop
zs2715,zyla,singletary,f,july 29 1996,thailand,paralympic,aquatics,bronze,/bin/bash,delete
pm9427,prabhjot,mullan,f,july 19 2000,great_britain,paralympic,sport_climbing,bronze,/bin/tcsh,create
em5455,enoe,matsuura,m,april 19 1993,the_gambia,olympic,handball,gold,/bin/bash,delete
jp4032,jatoya,pesantez,f,november 25 1992,germany,olympic,boxing,bronze,/bin/bash,execute
kv4380,kolt,vohra,m,november 1 1994,great_britain,paralympic,softball,gold,/bin/csh,all
tc4357,taysia,christoffersen,f,march 19 1993,nigeria,paralympic,boxing,bronze,/bin/bash,execute
sc2369,symeon,cortina,m,september 5 1990,france,paralympic,sailing,bronze,/bin/tcsh,all
dm3300,dexton,meck,m,september 4 1991,djibouti,olympic,equestrian,gold,/bin/csh,all
dl8015,daria,liggins,f,april 7 1998,qatar,olympic,softball,bronze,/bin/ksh,execute
rd3473,robinson,dearden,m,august 17 1994,zambia,olympic,handball,gold,/bin/csh,create
bb9642,brenner,barney,m,february 29 1991,guyana,olympic,table_tennis,silver,/bin/bash,execute
bb6892,bobby,bellis,m,may 9 1987,georgia,olympic,rowing,silver,/bin/tcsh,delete
ae8201,ayrton,essa,m,july 15 1991,estonia,olympic,surfing,bronze,/bin/bash,execute
sd3156,saketh,deptula,m,january 30 1988,liberia,olympic,hockey,gold,/bin/tcsh,drop
cf5106,calla,fling,f,july 6 1992,burkina_faso,paralympic,archery,bronze,/bin/ksh,all
as9648,anisa,stine,f,december 6 1995,botswana,olympic,football,silver,/bin/csh,drop
dm6703,daelan,mumma,m,july 28 1999,bahamas,olympic,golf,bronze,/bin/tcsh,all
pb2810,pride,burgett,m,april 25 1991,chinese_taipei,olympic,cycling,silver,/bin/ksh,delete
hw2467,hadrian,wieneke,m,september 30 1993,liechtenstein,paralympic,basketball,bronze,/bin/bash,delete
ob8139,oluwatoyin,bunnell,f,november 15 1998,israel,paralympic,gymnastics,silver,/bin/ksh,delete
cf7701,carlene,fordham,f,july 20 1993,mexico,olympic,basketball,gold,/bin/bash,delete
ot2711,oluwatobiloba,trent,m,february 4 1999,burundi,olympic,softball,bronze,/bin/ksh,delete
ky5981,kahri,yuhasz,m,august 20 1994,india,olympic,football,gold,/bin/csh,create
ns3385,nikai,salerno,m,december 10 1991,italy,paralympic,rugby,bronze,/bin/csh,execute
ph5699,pieter,heggie,m,january 1 1997,sri_lanka,paralympic,table_tennis,gold,/bin/tcsh,drop
sw8201,suleyman,wahl,m,january 24 1994,new_zealand,paralympic,softball,silver,/bin/bash,execute
vw8108,vanity,wessels,f,march 8 1987,uzbekistan,olympic,table_tennis,bronze,/bin/bash,delete
bg6438,barbie,garcia,f,february 13 1995,luxembourg,olympic,handball,gold,/bin/bash,delete
rb7805,rhian,belli,f,may 1 1986,sweden,olympic,judo,bronze,/bin/ksh,delete
ba3848,boston,atnip,m,february 3 1999,lesotho,paralympic,triathlon,bronze,/bin/tcsh,create
nl1521,natalio,lusher,m,may 8 1997,uzbekistan,paralympic,golf,bronze,/bin/bash,execute
kt4776,kalvin,theriault,m,april 5 1992,lebanon,paralympic,wrestling,gold,/bin/csh,drop
rm1968,rishik,mcquiston,m,january 27 1998,chile,olympic,boxing,bronze,/bin/csh,execute
cc6213,carlin,criner,m,august 16 1989,guyana,olympic,triathlon,silver,/bin/tcsh,execute
db3141,dyamond,bakewell,f,september 26 1994,the_gambia,olympic,basketball,gold,/bin/csh,delete
sc2471,shyhiem,coutts,m,september 26 1996,moldova,paralympic,boxing,gold,/bin/csh,all
ws5084,wisdom,steinmeyer,f,march 25 1987,china,olympic,weightlifting,silver,/bin/bash,create
hp4027,haeley,pitts,f,march 21 1987,north_korea,paralympic,badminton,bronze,/bin/ksh,create
cp2699,cincere,parrillo,f,september 28 1986,austria,paralympic,gymnastics,bronze,/bin/bash,create
tk2034,tavia,kopczynski,f,september 19 1997,slovakia,olympic,canoe,silver,/bin/ksh,drop
nb5288,nayla,boze,f,april 18 1997,ghana,paralympic,table_tennis,bronze,/bin/bash,create
kb3865,kiyanna,bonini,f,december 9 1988,chile,olympic,triathlon,bronze,/bin/csh,execute
ah9825,abdulwahab,halcomb,m,may 21 2000,iran,paralympic,football,silver,/bin/bash,delete
fb5371,flavio,bilal,m,august 19 1997,tanzania,olympic,equestrian,bronze,/bin/bash,drop
mn3656,marycruz,no,f,december 20 1986,thailand,paralympic,boxing,bronze,/bin/csh,delete
gr7282,gadge,rincon,m,february 19 1996,rwanda,paralympic,karate,bronze,/bin/ksh,drop
lb6218,lyliana,brasher,f,april 19 1989,lebanon,olympic,wrestling,silver,/bin/tcsh,delete
hd5369,harvin,dixon,m,april 28 1994,serbia,olympic,hockey,silver,/bin/bash,delete
ig1230,isreal,gannon,f,february 11 1986,nigeria,paralympic,canoe,bronze,/bin/bash,delete
km5184,keshauna,mcneeley,f,december 12 1989,guyana,paralympic,badminton,bronze,/bin/csh,create
ea1976,elda,anglin,f,november 28 1989,serbia,paralympic,taekwondo,bronze,/bin/csh,create
tp9221,tomer,pollock,m,january 3 1992,chinese_taipei,olympic,aquatics,silver,/bin/tcsh,delete
ds2866,demari,sorrow,f,february 28 1997,san_marino,olympic,fencing,gold,/bin/bash,create
dp3743,davonya,pucci,f,february 29 1987,lebanon,olympic,hockey,gold,/bin/ksh,execute
rk6749,raini,kocian,f,november 27 1994,botswana,olympic,equestrian,gold,/bin/ksh,execute
cc5920,cameron,cromer,m,november 24 1994,seychelles,paralympic,weightlifting,gold,/bin/ksh,delete
mj3126,momin,jan,m,april 11 1988,serbia,paralympic,boxing,silver,/bin/ksh,all
aw5816,abd,weber,m,december 9 1995,norway,paralympic,shooting,gold,/bin/tcsh,delete
zs4744,zyaire,spigner,f,october 28 1987,romania,olympic,weightlifting,gold,/bin/tcsh,drop
ec4789,elvira,cothren,f,september 25 1998,thailand,olympic,karate,bronze,/bin/tcsh,all
ts6994,toddrick,spates,m,september 27 1991,georgia,olympic,badminton,silver,/bin/csh,execute
md1671,malakhi,deaver,m,march 3 1989,italy,paralympic,fencing,bronze,/bin/bash,execute
rc5243,rees,carner,m,june 1 1998,vietnam,olympic,aquatics,silver,/bin/ksh,all
cf4492,camron,flor,f,may 20 1996,bahamas,paralympic,karate,silver,/bin/csh,all
mk4247,mishel,kinnett,f,january 28 1998,algeria,paralympic,football,silver,/bin/csh,execute
dp2121,darrion,pfeil,f,may 7 2000,denmark,paralympic,sailing,silver,/bin/bash,drop
mf2122,marco,fithian,f,december 14 1993,saudi_arabia,olympic,sport_climbing,gold,/bin/bash,execute
jg3069,jaelin,grecco,m,september 3 1997,singapore,olympic,judo,bronze,/bin/csh,all
mb1766,michail,boschert,m,december 5 1994,kazakhstan,olympic,athletics,bronze,/bin/tcsh,drop
td2244,tahya,doebler,f,march 9 1992,czech_republic,olympic,taekwondo,gold,/bin/ksh,execute
dm1961,deedra,mohr,f,february 1 2000,liberia,olympic,boxing,silver,/bin/csh,delete
ac6439,anamarie,clem,f,august 25 1990,uruguay,paralympic,basketball,gold,/bin/tcsh,create
gs8182,gianni,straughn,f,may 20 1997,nigeria,paralympic,rowing,gold,/bin/bash,all
cs3167,cavin,sliker,m,july 2 1998,kenya,olympic,football,gold,/bin/ksh,drop
cf8174,constantinos,fallis,m,october 25 2000,san_marino,paralympic,boxing,silver,/bin/bash,delete
ah7606,anhthu,hoisington,f,september 6 2000,sweden,olympic,boxing,bronze,/bin/tcsh,drop
vp5152,vikki,perham,f,september 8 1987,kyrgyzstan,olympic,basketball,silver,/bin/tcsh,all
cm5111,camen,mcguirk,m,november 7 1996,indonesia,paralympic,basketball,gold,/bin/bash,create
gh2862,gwenivere,harkins,f,september 2 1998,the_gambia,paralympic,sailing,silver,/bin/bash,execute
ll1895,liann,lokken,f,may 13 1986,iceland,olympic,hockey,silver,/bin/tcsh,create
rn6957,rayyan,neveu,m,may 24 1998,nigeria,olympic,judo,gold,/bin/tcsh,execute
ih7754,issai,houseworth,m,june 26 1986,rwanda,paralympic,hockey,gold,/bin/bash,delete
mr5649,maggie,reitz,f,april 1 2000,libya,olympic,equestrian,gold,/bin/bash,create
ds2867,duan,swanton,m,march 25 1991,chile,paralympic,gymnastics,gold,/bin/bash,create
td5884,trish,durso,f,december 19 2000,romania,paralympic,handball,gold,/bin/tcsh,delete
cl8098,calena,lamie,f,july 7 1987,kyrgyzstan,olympic,weightlifting,bronze,/bin/ksh,create
kd3722,krishauna,direnzo,f,august 12 1989,norway,paralympic,table_tennis,bronze,/bin/ksh,all
am4395,aaronjacob,matarazzo,m,july 15 1995,sweden,paralympic,judo,silver,/bin/bash,execute
jn3391,jhane,nie,f,october 7 1990,israel,paralympic,aquatics,silver,/bin/tcsh,drop
ag1010,adjoa,giesen,f,december 24 1995,singapore,olympic,shooting,gold,/bin/tcsh,drop
kn3954,kalli,nicholls,f,march 17 1987,liberia,paralympic,shooting,gold,/bin/bash,delete
cb4787,candon,barrick,m,july 26 1991,costa_rica,paralympic,boxing,silver,/bin/bash,drop
bw5893,bradleigh,woo,f,december 10 1991,united_states,paralympic,triathlon,bronze,/bin/tcsh,delete
sb3756,stanford,bessette,m,september 29 1997,kuwait,olympic,cycling,silver,/bin/ksh,execute
lw9160,latasia,willison,f,may 25 1993,norway,paralympic,handball,silver,/bin/csh,delete
jp8238,jefferey,preiss,m,november 21 1992,tunisia,olympic,rowing,gold,/bin/csh,drop
hz2653,hervey,zeller,m,october 7 1986,el_salvador,paralympic,rowing,bronze,/bin/bash,create
nr9871,narmeen,rim,f,april 16 1992,australia,paralympic,sport_climbing,silver,/bin/tcsh,drop
zf7455,zemar,fadden,m,june 18 1986,armenia,olympic,judo,bronze,/bin/tcsh,all
lk8752,leshaun,klinker,m,may 22 1988,brazil,paralympic,karate,silver,/bin/csh,delete
jo7619,juanalberto,ostroff,m,june 14 1998,slovenia,paralympic,baseball,gold,/bin/tcsh,all
mf8864,maha,friedl,f,june 9 1991,thailand,paralympic,skateboarding,silver,/bin/ksh,drop
ql3345,quintarius,leid,m,september 17 1993,cook_islands,olympic,equestrian,gold,/bin/ksh,delete
al4657,ahad,lantis,m,august 14 1993,panama,olympic,volleyball,silver,/bin/ksh,create
de9367,deera,earls,f,february 2 1992,greece,paralympic,equestrian,bronze,/bin/ksh,create
pd4607,paizlee,dallman,f,march 2 1986,peru,paralympic,rugby,bronze,/bin/csh,all
mf6632,michael,finken,f,july 24 1995,tunisia,paralympic,archery,bronze,/bin/ksh,drop
ts1486,tanner,stack,m,august 5 2000,singapore,paralympic,triathlon,silver,/bin/csh,delete
dc5318,dayanna,chadd,f,november 1 1990,spain,olympic,baseball,gold,/bin/bash,all
vc3283,vivianna,christine,f,august 30 1994,philippines,olympic,karate,silver,/bin/bash,delete
zf4359,zinnia,florentino,f,august 6 1995,chile,paralympic,archery,gold,/bin/ksh,delete
fr2423,fianna,reiswig,f,march 2 1990,libya,paralympic,softball,silver,/bin/tcsh,all
ym6745,yasin,mccambridge,m,august 3 1998,armenia,paralympic,shooting,gold,/bin/bash,drop
km4109,kaneisha,montana,f,january 6 1993,nigeria,paralympic,baseball,bronze,/bin/tcsh,execute
ds6725,deitrich,seelig,m,july 1 1997,lebanon,paralympic,triathlon,gold,/bin/tcsh,delete
ik2501,ivanna,kebede,f,september 5 2000,north_korea,paralympic,hockey,silver,/bin/csh,drop
tz1759,tyyonna,zaldivar,f,october 6 1995,croatia,paralympic,baseball,bronze,/bin/csh,create
kc7298,keva,cobb,f,september 4 1998,chad,olympic,softball,bronze,/bin/ksh,execute
cg9160,callum,gast,m,october 28 1986,samoa,paralympic,triathlon,bronze,/bin/tcsh,execute
tp3401,tyona,pariseau,f,april 15 1993,niger,olympic,tennis,gold,/bin/csh,drop
sr1748,shaughnessy,ristau,f,january 11 1992,djibouti,paralympic,equestrian,bronze,/bin/tcsh,all
ak7979,ashely,kersey,f,may 15 1995,france,olympic,volleyball,bronze,/bin/csh,delete
sw6907,shaneice,wambold,f,may 20 1996,serbia,paralympic,rugby,bronze,/bin/csh,drop
bg7871,benita,goble,f,august 16 1998,fiji,paralympic,athletics,gold,/bin/csh,drop
dl4144,dezha,leva,f,december 2 1999,burkina_faso,olympic,gymnastics,gold,/bin/ksh,all
dc8350,deshawn,camarda,m,november 18 1995,fiji,olympic,softball,silver,/bin/bash,all
tn4737,taylynn,nutter,f,november 18 1990,uruguay,paralympic,handball,silver,/bin/csh,create
df3944,deep,friedmann,m,january 16 1996,morocco,paralympic,sport_climbing,silver,/bin/ksh,create
mh2263,monzerrat,hossler,f,april 29 1994,namibia,olympic,hockey,bronze,/bin/bash,all
co6388,cassidie,oglesbee,f,february 23 1996,great_britain,olympic,skateboarding,bronze,/bin/bash,delete
ot6907,ophelia,tony,f,february 3 1996,australia,olympic,rugby,bronze,/bin/ksh,execute
dh8738,darious,harwell,m,august 6 1990,spain,paralympic,surfing,silver,/bin/csh,drop
sf3967,shadiamond,fruge,f,june 30 1989,portugal,olympic,equestrian,bronze,/bin/bash,execute
jd8050,jewell,drinkard,m,september 10 1998,bahrain,olympic,skateboarding,bronze,/bin/csh,all
ds4589,deonna,strandberg,f,august 20 1991,mozambique,paralympic,canoe,bronze,/bin/tcsh,drop
sc8831,shanique,clarey,f,september 18 1992,panama,olympic,athletics,bronze,/bin/tcsh,delete
dd8050,dahmir,dalbey,m,december 24 1987,kenya,paralympic,judo,silver,/bin/bash,create
sl1672,saige,liss,f,september 30 1991,japan,paralympic,wrestling,silver,/bin/bash,all
aa1082,anvita,amyx,f,november 29 1992,kenya,paralympic,skateboarding,gold,/bin/tcsh,drop
ab7383,angelise,beydoun,f,november 12 1998,greece,olympic,athletics,bronze,/bin/ksh,delete
ak8480,alegandra,kircher,f,august 25 1989,puerto_rico,olympic,baseball,gold,/bin/ksh,create
as1229,aundraya,strasser,f,december 5 1994,moldova,paralympic,sailing,bronze,/bin/ksh,drop
gs9844,garion,sowers,m,june 27 1998,new_zealand,paralympic,shooting,bronze,/bin/ksh,execute
gn3604,galaxy,natali,f,march 22 1996,croatia,paralympic,taekwondo,silver,/bin/csh,all
dq5396,dennisha,quarles,f,july 7 1991,qatar,paralympic,softball,bronze,/bin/csh,delete
rl2524,ronal,lotter,m,november 19 1999,north_macedonia,paralympic,surfing,bronze,/bin/csh,drop
tl8764,tyshawn,lutgen,f,may 10 1987,germany,paralympic,judo,bronze,/bin/ksh,drop
or1451,osmara,reyes,f,july 23 1989,kazakhstan,olympic,wrestling,silver,/bin/csh,all
nb8596,nyssa,bailon,f,february 22 1995,kenya,olympic,weightlifting,gold,/bin/csh,execute
jh6955,jarrion,harvey,m,july 24 1989,bulgaria,paralympic,shooting,silver,/bin/bash,create
zs2998,zion,sauers,m,january 5 1992,barbados,olympic,sport_climbing,bronze,/bin/csh,execute
kt6295,kendrick,trammell,m,july 6 1999,philippines,paralympic,surfing,silver,/bin/csh,drop
bl7311,brittiny,lahti,f,november 18 1990,albania,paralympic,rugby,gold,/bin/csh,delete
el3832,esmee,lydon,f,may 4 1990,kyrgyzstan,olympic,skateboarding,bronze,/bin/ksh,delete
cb3954,callen,bodin,f,november 11 1993,fiji,olympic,tennis,gold,/bin/ksh,delete
ft5583,fernie,tiedeman,m,october 17 1999,ethiopia,olympic,rugby,bronze,/bin/tcsh,delete
wd8385,wilbert,dimock,m,july 15 1998,bermuda,paralympic,canoe,bronze,/bin/ksh,create
kr7763,kailey,roza,f,december 12 1994,mozambique,olympic,handball,silver,/bin/ksh,delete
rb4665,rithwik,brillhart,m,december 9 1993,uruguay,olympic,wrestling,gold,/bin/tcsh,all
mp7947,miquela,prestage,f,january 22 1999,nigeria,paralympic,basketball,gold,/bin/ksh,all
sg5666,sabir,gayden,m,september 3 1995,egypt,paralympic,basketball,bronze,/bin/csh,drop
cb3056,cairo,bradish,f,october 4 1987,bermuda,paralympic,hockey,bronze,/bin/csh,execute
dm5882,dasya,massengill,f,february 7 1991,chinese_taipei,olympic,athletics,gold,/bin/csh,drop
db5715,dquarius,burnsed,m,march 20 1997,chile,paralympic,weightlifting,bronze,/bin/csh,create
ts6192,twila,spikes,f,october 21 1999,angola,paralympic,triathlon,gold,/bin/csh,execute
sb1926,sole,brazier,f,october 30 1999,denmark,paralympic,cycling,bronze,/bin/ksh,all
sn4482,serin,norfleet,f,september 30 1998,bulgaria,olympic,tennis,silver,/bin/bash,execute
mn5052,mackenzi,niemiec,f,april 23 1996,ethiopia,olympic,fencing,bronze,/bin/ksh,create
jk5684,jaesha,koerber,f,december 10 1986,japan,paralympic,karate,bronze,/bin/csh,delete
gu7424,giulio,usman,m,august 29 1995,algeria,olympic,rugby,gold,/bin/bash,all
ab4930,ashvin,boldt,m,march 3 1992,guyana,olympic,fencing,silver,/bin/csh,all
kb2550,kary,birdwell,f,january 7 1990,algeria,olympic,judo,bronze,/bin/bash,delete
bv8394,brienne,valero,f,april 21 1990,slovakia,olympic,surfing,gold,/bin/ksh,execute
lb4427,louanna,boehler,f,january 4 1997,djibouti,olympic,wrestling,silver,/bin/tcsh,all
er2760,emmajo,rioux,f,october 3 1987,togo,olympic,archery,silver,/bin/ksh,execute
md2490,mansi,dold,f,november 5 1991,sweden,paralympic,baseball,bronze,/bin/csh,delete
rh3809,rochell,hee,f,may 22 1995,ethiopia,paralympic,football,bronze,/bin/csh,execute
jp8001,joao,petrich,m,january 2 1990,andorra,paralympic,hockey,bronze,/bin/tcsh,create
sm5820,syeed,marton,m,april 24 1996,grenada,olympic,aquatics,bronze,/bin/tcsh,execute
ka6195,kiaira,amadio,f,november 1 1998,morocco,olympic,surfing,bronze,/bin/csh,delete
se7015,sabrinna,easton,f,april 26 1989,bhutan,paralympic,football,bronze,/bin/tcsh,delete
tm5928,trapper,maddock,m,january 26 1999,cyprus,paralympic,rowing,silver,/bin/ksh,drop
mh7601,madhav,holsey,m,september 30 1991,ivory_coast,olympic,fencing,bronze,/bin/ksh,create
kb1458,kentaro,boesch,m,june 10 1992,egypt,paralympic,basketball,bronze,/bin/tcsh,execute
tb8448,tram,betty,f,september 18 1995,finland,olympic,volleyball,gold,/bin/ksh,execute
ng2131,nichlas,gandhi,m,november 7 1995,cuba,paralympic,baseball,bronze,/bin/csh,execute
ks4023,kateryn,sarkisyan,f,december 22 1991,san_marino,paralympic,tennis,silver,/bin/tcsh,all
am3277,alyscia,maffei,f,august 24 1990,lebanon,paralympic,gymnastics,silver,/bin/ksh,all
es3672,eriyana,sessler,f,february 4 1997,bulgaria,paralympic,sailing,silver,/bin/bash,all
sg3529,sarkis,gholston,m,january 2 1992,nigeria,paralympic,triathlon,gold,/bin/csh,drop
mr9457,melody,ringer,f,july 22 1999,zambia,olympic,wrestling,gold,/bin/csh,all
kb3402,keyra,bullen,f,july 2 1988,italy,olympic,taekwondo,silver,/bin/ksh,execute
ns9134,nevin,stickler,m,august 10 1987,kuwait,paralympic,boxing,bronze,/bin/tcsh,create
ff5142,francys,filkins,f,october 25 1996,hungary,olympic,tennis,gold,/bin/bash,drop
jd2690,joelle,dippold,m,may 15 1995,cyprus,olympic,aquatics,silver,/bin/tcsh,execute
aa2812,alexius,auxier,m,august 13 1993,moldova,paralympic,softball,silver,/bin/csh,drop
kt4474,kameko,treece,f,october 8 1991,great_britain,olympic,skateboarding,silver,/bin/csh,execute
sc3475,saylor,cossette,m,december 5 1988,pakistan,olympic,canoe,gold,/bin/tcsh,create
ts2765,taiyo,scofield,m,march 16 1999,zimbabwe,olympic,aquatics,silver,/bin/csh,execute
eb4001,ezekial,bills,m,march 27 1986,ecuador,olympic,football,silver,/bin/bash,delete
be3712,bladen,enrique,m,november 17 1997,iran,paralympic,boxing,gold,/bin/csh,create
dt2639,dalen,tammaro,m,september 3 1991,saudi_arabia,olympic,skateboarding,bronze,/bin/tcsh,create
lo1468,lahela,olmsted,f,march 17 1987,guatemala,olympic,table_tennis,bronze,/bin/bash,all
hl1678,heavyn,loose,f,january 11 1987,mongolia,paralympic,wrestling,gold,/bin/ksh,create
ts9127,tytiana,senft,f,november 2 1996,ukraine,olympic,rowing,silver,/bin/ksh,create
rs5935,roselin,sauder,f,december 2 1989,croatia,paralympic,sailing,silver,/bin/ksh,execute
kp2764,koki,ponds,m,december 3 1990,netherlands,olympic,canoe,gold,/bin/ksh,create
cn3198,caysen,norberg,m,march 30 2000,china,paralympic,taekwondo,bronze,/bin/csh,delete
jb3707,jamire,barrette,m,february 14 1987,north_macedonia,paralympic,taekwondo,gold,/bin/bash,drop
vc9580,ved,croskey,m,november 19 1992,puerto_rico,olympic,sport_climbing,bronze,/bin/csh,delete
cd3233,chatham,dettmann,m,november 3 1992,vietnam,olympic,fencing,bronze,/bin/csh,execute
mm9190,malikah,macon,f,march 21 2000,samoa,paralympic,aquatics,gold,/bin/ksh,drop
tn8181,trevar,nevin,m,march 12 1992,latvia,paralympic,athletics,silver,/bin/ksh,delete
th8165,tae,harari,f,september 30 1990,zambia,paralympic,table_tennis,bronze,/bin/ksh,all
jp2673,jael,porcaro,f,july 30 1987,slovakia,olympic,badminton,bronze,/bin/tcsh,drop
ao1929,ana,oregon,f,march 20 1997,guyana,paralympic,taekwondo,bronze,/bin/ksh,drop
aw6156,ayaka,weisman,f,may 4 1987,qatar,paralympic,gymnastics,bronze,/bin/tcsh,all
am1995,alyson,messier,f,february 10 1998,el_salvador,olympic,equestrian,gold,/bin/csh,all
cv1884,chana,vollmar,f,june 6 1999,indonesia,paralympic,baseball,silver,/bin/bash,delete
kw1968,kiabeth,wiley,f,june 13 1992,slovenia,olympic,golf,bronze,/bin/tcsh,execute
ab4015,ahmani,byrum,m,october 13 1992,rwanda,paralympic,archery,bronze,/bin/ksh,execute
tv2111,taylia,volkert,f,september 27 1990,thailand,olympic,triathlon,bronze,/bin/tcsh,delete
dm2811,derek,markovic,f,november 11 1992,belgium,olympic,football,silver,/bin/tcsh,delete
rs9431,rocio,seigel,f,september 4 1996,saudi_arabia,paralympic,canoe,gold,/bin/tcsh,drop
ea3192,elden,alegria,m,august 20 1994,guatemala,olympic,surfing,gold,/bin/tcsh,create
er7766,erneshia,roeser,f,august 26 1996,nigeria,olympic,fencing,bronze,/bin/csh,create
dg4995,derex,gama,m,may 9 1995,austria,paralympic,aquatics,gold,/bin/ksh,delete
mh6904,manley,hyder,m,march 19 1988,botswana,paralympic,judo,gold,/bin/bash,execute
vs7240,vy,spafford,f,july 10 1992,morocco,olympic,table_tennis,bronze,/bin/tcsh,all
op5873,orion,peer,f,may 26 1989,brazil,olympic,tennis,gold,/bin/tcsh,delete
kr5694,kamri,rohrer,f,september 1 1986,paraguay,paralympic,boxing,bronze,/bin/bash,create
ms2429,mykayla,shephard,f,july 16 1997,paraguay,olympic,archery,gold,/bin/bash,create
dr5990,dalonte,rudloff,m,august 26 1990,egypt,paralympic,aquatics,bronze,/bin/csh,create
cp1786,chakira,poveda,f,september 23 1989,egypt,olympic,rugby,gold,/bin/bash,create
jh1657,joann,hornick,m,june 20 1997,uzbekistan,olympic,hockey,gold,/bin/tcsh,delete
dk7425,dante,kitchin,f,may 27 1987,spain,paralympic,table_tennis,silver,/bin/bash,all
lg6432,leonora,georgiou,f,december 29 1989,bhutan,paralympic,sailing,bronze,/bin/ksh,create
lc6822,lonnie,cothran,f,november 30 1986,tunisia,olympic,volleyball,bronze,/bin/bash,drop
cb6282,chantal,breon,f,november 6 1986,qatar,olympic,handball,gold,/bin/tcsh,create
cw4232,cathryn,winne,f,august 3 1988,eritrea,paralympic,athletics,bronze,/bin/bash,drop
hj5985,haleem,jong,m,april 27 1998,finland,paralympic,badminton,silver,/bin/csh,all
nm9526,nekko,mcmanus,m,june 29 1986,slovakia,paralympic,fencing,silver,/bin/tcsh,execute
gb6055,govanni,banegas,m,april 17 1999,zimbabwe,paralympic,weightlifting,gold,/bin/tcsh,all
ab7882,antwann,brauer,m,june 13 2000,azerbaijan,olympic,wrestling,silver,/bin/ksh,drop
jw3366,jan,wojcik,f,january 14 1999,germany,olympic,sport_climbing,bronze,/bin/bash,drop
js5034,jenee,swanstrom,f,august 17 1991,grenada,paralympic,surfing,silver,/bin/ksh,create
ab6521,alajha,bosh,f,july 18 1990,south_africa,paralympic,sailing,gold,/bin/tcsh,delete
bc3339,brynn,cord,m,march 8 1996,iceland,paralympic,handball,silver,/bin/bash,drop
mp6296,montana,pilger,f,july 30 1988,greece,paralympic,boxing,bronze,/bin/csh,delete
ml7333,mehmet,loa,m,april 8 1987,ecuador,olympic,weightlifting,gold,/bin/bash,execute
tb1974,tristan,borg,f,september 9 2000,kazakhstan,olympic,football,silver,/bin/csh,create
ck4096,cala,kelling,f,november 4 1992,mongolia,paralympic,hockey,gold,/bin/tcsh,delete
tt7056,thanya,tice,f,march 15 2000,peru,olympic,athletics,silver,/bin/bash,drop
mc1741,markasia,cambridge,f,april 12 1991,belarus,paralympic,baseball,bronze,/bin/csh,drop
ds7855,dallyn,sarver,f,june 14 1998,sri_lanka,olympic,tennis,gold,/bin/ksh,delete
sa3839,shandy,anselmo,f,december 24 1996,chinese_taipei,olympic,handball,bronze,/bin/tcsh,delete
tb1670,tovah,bjornstad,f,december 12 1988,jamaica,paralympic,basketball,gold,/bin/tcsh,delete
jh6316,jaidin,halsted,f,september 6 1986,ecuador,olympic,aquatics,silver,/bin/bash,all
nh6572,natividad,heitkamp,f,march 14 1997,chile,olympic,skateboarding,silver,/bin/bash,drop
an5429,armeen,nemec,m,april 10 1998,guyana,paralympic,hockey,gold,/bin/csh,drop
vb6823,vic,basulto,m,october 11 1990,egypt,olympic,judo,silver,/bin/ksh,drop
ep4259,eliyana,pandit,f,march 22 1999,mexico,paralympic,triathlon,bronze,/bin/tcsh,drop
os2796,odysseus,sundberg,m,december 29 1989,angola,paralympic,handball,gold,/bin/tcsh,execute
js2254,jacinda,sama,f,january 14 1998,spain,paralympic,basketball,silver,/bin/ksh,create
sr4709,satya,rising,f,february 17 1995,mongolia,paralympic,gymnastics,gold,/bin/bash,create
kr6570,kolbey,roman,m,june 29 1995,tanzania,paralympic,triathlon,gold,/bin/csh,all
nm8014,nyashia,masri,f,july 15 1994,denmark,olympic,baseball,gold,/bin/csh,create
lt2641,lamount,tomei,m,may 27 1987,liechtenstein,olympic,karate,bronze,/bin/tcsh,delete
md4190,madelena,dolphin,f,march 8 1987,new_zealand,olympic,weightlifting,bronze,/bin/tcsh,all
dd5362,darrian,dunton,m,july 17 1995,liechtenstein,olympic,aquatics,gold,/bin/tcsh,drop
gj4402,gwyndolyn,jacoby,f,march 2 1986,lithuania,olympic,judo,gold,/bin/ksh,delete
km7827,katelan,mcnall,f,december 21 1989,zambia,olympic,triathlon,bronze,/bin/bash,execute
am5536,alxis,miltenberger,f,december 13 1986,burundi,olympic,tennis,silver,/bin/csh,create
dw4381,doria,weber,f,july 29 1987,liberia,paralympic,sport_climbing,bronze,/bin/ksh,all
jn9912,jeanell,nitschke,f,june 14 1987,estonia,olympic,baseball,bronze,/bin/ksh,all
tl4666,trynitee,lopezcruz,f,august 25 1997,cayman_islands,paralympic,equestrian,silver,/bin/ksh,delete
ks9136,kjerstin,swingle,f,may 3 1995,barbados,olympic,hockey,silver,/bin/tcsh,all
ld6253,leatrice,dansby,f,february 2 1994,pakistan,paralympic,surfing,bronze,/bin/csh,execute
kt3812,komal,thomison,f,october 26 1988,angola,paralympic,table_tennis,bronze,/bin/csh,drop
ms2546,michaeljohn,serna,m,january 20 1990,andorra,paralympic,cycling,bronze,/bin/bash,create
hf1495,helina,friedlander,f,december 23 2000,singapore,olympic,boxing,bronze,/bin/csh,all
cb9076,cobee,baginski,m,september 14 1996,india,paralympic,hockey,gold,/bin/tcsh,drop
gh5241,gabbrielle,hammerschmidt,f,march 3 1990,estonia,paralympic,golf,silver,/bin/tcsh,delete
al6467,alisyn,luttrell,f,april 17 1988,morocco,olympic,aquatics,silver,/bin/bash,drop
am2900,aries,mier,m,may 11 1989,china,paralympic,archery,bronze,/bin/ksh,delete
ea3467,ellyse,adam,f,april 27 1987,austria,olympic,fencing,silver,/bin/bash,drop
cw7405,corinthia,wignall,f,november 1 1998,kuwait,olympic,skateboarding,gold,/bin/bash,create
ks3170,koy,schull,m,april 3 1990,finland,olympic,weightlifting,bronze,/bin/tcsh,drop
ts8709,taela,shotts,f,april 26 1992,peru,paralympic,athletics,silver,/bin/bash,create
ng1986,nachman,gawlik,m,october 28 1991,peru,paralympic,aquatics,silver,/bin/bash,create
av9643,amir,vanderploeg,m,august 29 1999,benin,paralympic,weightlifting,silver,/bin/ksh,delete
kf3939,kimberlyn,flaherty,f,june 1 1999,eritrea,paralympic,sport_climbing,bronze,/bin/ksh,delete
co2718,courtney,obannon,m,march 6 1994,vietnam,paralympic,football,gold,/bin/ksh,execute
rh9721,rashun,hammontree,m,april 10 1992,north_macedonia,paralympic,judo,gold,/bin/csh,execute
cc4027,chancy,camel,f,may 17 1995,switzerland,olympic,boxing,gold,/bin/csh,execute
sg1882,shant,gruss,m,august 19 1987,ukraine,olympic,weightlifting,silver,/bin/ksh,create
kg9526,kansas,geoffroy,f,august 9 1995,kuwait,olympic,handball,bronze,/bin/ksh,delete
js4937,joel,schrag,f,august 26 1998,namibia,olympic,equestrian,bronze,/bin/bash,delete
mr5166,mariesha,radley,f,august 19 1999,ireland,olympic,taekwondo,bronze,/bin/bash,execute
ka2938,krista,alvear,f,december 28 1995,cyprus,paralympic,skateboarding,bronze,/bin/ksh,execute
jh8560,jaquell,hammons,m,august 23 1994,guyana,olympic,rugby,gold,/bin/bash,create
rk4846,reily,kou,m,december 27 1996,kuwait,paralympic,basketball,gold,/bin/bash,all
ad6144,alexsandro,demott,m,june 15 1994,ivory_coast,paralympic,surfing,silver,/bin/tcsh,create
rp6582,rachelann,paisley,f,october 11 1989,israel,paralympic,badminton,gold,/bin/csh,all
ab7443,aniket,burkle,m,november 15 1996,ecuador,paralympic,golf,silver,/bin/csh,execute
ml2915,mikayle,liebe,f,june 16 1987,spain,olympic,shooting,silver,/bin/bash,create
sa6286,sylver,abella,f,december 4 1987,netherlands,paralympic,taekwondo,bronze,/bin/bash,execute
kd2239,keylan,dolores,m,august 15 1987,armenia,paralympic,equestrian,gold,/bin/bash,execute
ts6373,taniaya,skoog,f,september 8 1990,sri_lanka,olympic,judo,silver,/bin/tcsh,create
lf9021,lucino,faerber,m,october 18 1997,seychelles,paralympic,cycling,silver,/bin/ksh,create
ss6129,shabria,sandahl,f,august 22 1990,seychelles,paralympic,cycling,silver,/bin/ksh,drop
jd1805,jennyfer,deridder,f,july 20 1997,paraguay,olympic,taekwondo,bronze,/bin/bash,execute
